Id,Label,timeset,modularity_class,time_score_stamp,indegree,outdegree,Degree,Eccentricity,closnesscentrality,harmonicclosnesscentrality,betweenesscentrality,frequency,클러스터 내 share,점유율 제곱,,,,합계
556,software,"<[2010.0, 2011.0, 2012.0]>",5,"<[2010.0, 534]; [2011.0, 570]; [2012.0, 667]>",389,60,449,3,0.817204,0.892544,0.017784,1771,0.16331612,266.7215489,,,3,296.85
315,information_technology,"<[2010.0, 2011.0, 2012.0]>",5,"<[2010.0, 447]; [2011.0, 517]; [2012.0, 588]>",218,214,432,3,0.752969,0.837014,0.025965,1552,0.14312062,204.8351178,,,0,470.12
323,internet,"<[2010.0, 2011.0, 2012.0]>",3,"<[2010.0, 226]; [2011.0, 230]; [2012.0, 274]>",200,193,393,3,0.729469,0.817881,0.023297,730,0.091604969,83.91470392,,,5,664.02
363,manufacturing,"<[2010.0, 2011.0, 2012.0]>",0,"<[2010.0, 569]; [2011.0, 648]; [2012.0, 704]>",224,162,386,3,0.706349,0.799625,0.027083,1921,0.173767526,301.9515309,,,4,607.30
212,enterprise_software,"<[2010.0, 2011.0, 2012.0]>",5,"<[2010.0, 186]; [2011.0, 273]; [2012.0, 263]>",120,234,354,3,0.694257,0.783049,0.014016,722,0.066580598,44.32975972,,,1,788.28
183,e-commerce,"<[2010.0, 2011.0, 2012.0]>",4,"<[2010.0, 113]; [2011.0, 156]; [2012.0, 192]>",97,233,330,3,0.671687,0.759342,0.015782,461,0.143613707,206.2489689,,,2,1413.18
385,mobile,"<[2010.0, 2011.0, 2012.0]>",3,"<[2010.0, 134]; [2011.0, 178]; [2012.0, 187]>",199,126,325,4,0.671554,0.768923,0.013561,499,0.062617643,39.20969261,,,,
117,consulting,"<[2010.0, 2011.0, 2012.0]>",5,"<[2010.0, 232]; [2011.0, 271]; [2012.0, 278]>",61,263,324,3,0.67107,0.757546,0.008448,781,0.072021394,51.8708124,,,,
502,retail,"<[2010.0, 2011.0, 2012.0]>",4,"<[2010.0, 107]; [2011.0, 143]; [2012.0, 154]>",248,65,313,4,0.661458,0.752625,0.012558,404,0.125856698,158.3990839,,,,
238,financial_services,"<[2010.0, 2011.0, 2012.0]>",1,"<[2010.0, 199]; [2011.0, 237]; [2012.0, 283]>",108,191,299,3,0.658784,0.74359,0.009286,719,0.182533638,333.1852899,,,,
280,health_care,"<[2010.0, 2011.0, 2012.0]>",2,"<[2010.0, 330]; [2011.0, 383]; [2012.0, 394]>",138,153,291,3,0.635036,0.717433,0.010615,1107,0.300081323,900.4880032,,,,
368,marketing,"<[2010.0, 2011.0, 2012.0]>",3,"<[2010.0, 112]; [2011.0, 139]; [2012.0, 160]>",171,109,280,3,0.625935,0.711819,0.008546,411,0.051574853,26.59965416,,,,
236,finance,"<[2010.0, 2011.0, 2012.0]>",1,"<[2010.0, 141]; [2011.0, 171]; [2012.0, 181]>",101,178,279,3,0.63961,0.72335,0.007555,493,0.12515867,156.646926,,,,
314,information_services,"<[2010.0, 2011.0, 2012.0]>",5,"<[2010.0, 120]; [2011.0, 149]; [2012.0, 139]>",131,146,277,3,0.646341,0.728512,0.005686,408,0.037624493,14.15602459,,,,
196,electronics,"<[2010.0, 2011.0, 2012.0]>",0,"<[2010.0, 177]; [2011.0, 183]; [2012.0, 234]>",76,197,273,3,0.644578,0.728193,0.008226,594,0.053731343,28.87057251,,,,
10,advertising,"<[2010.0, 2011.0, 2012.0]>",3,"<[2010.0, 127]; [2011.0, 174]; [2012.0, 179]>",6,261,267,4,0.630593,0.712734,0.002476,480,0.060233404,36.28063011,,,,
525,service_industry,"<[2010.0, 2011.0, 2012.0]>",0,"<[2010.0, 82]; [2011.0, 94]; [2012.0, 106]>",219,42,261,4,0.617834,0.708763,0.004713,282,0.02550882,6.506998743,,,,
573,telecommunications,"<[2010.0, 2011.0, 2012.0]>",3,"<[2010.0, 150]; [2011.0, 133]; [2012.0, 158]>",230,28,258,4,0.653846,0.763072,0.003392,441,0.05533944,30.62453656,,,,
279,hardware,"<[2010.0, 2011.0, 2012.0]>",5,"<[2010.0, 171]; [2011.0, 162]; [2012.0, 166]>",105,150,255,3,0.628774,0.70951,0.005984,499,0.04601623,21.17493439,,,,
517,security,"<[2010.0, 2011.0, 2012.0]>",5,"<[2010.0, 104]; [2011.0, 113]; [2012.0, 127]>",199,38,237,4,0.583784,0.665895,0.003918,344,0.031722612,10.06324086,,,,
509,saas,"<[2010.0, 2011.0, 2012.0]>",5,"<[2010.0, 51]; [2011.0, 72]; [2012.0, 79]>",182,55,237,4,0.640884,0.73204,0.004858,202,0.018627813,3.469954028,,,,
120,consumer_electronics,"<[2010.0, 2011.0, 2012.0]>",0,"<[2010.0, 59]; [2011.0, 104]; [2012.0, 93]>",47,187,234,3,0.612546,0.686412,0.004636,256,0.023156943,5.362439887,,,,
548,social_media,"<[2010.0, 2011.0, 2012.0]>",3,"<[2010.0, 47]; [2011.0, 78]; [2012.0, 81]>",195,37,232,4,0.605634,0.702519,0.004902,206,0.025850169,6.682312583,,,,
20,analytics,"<[2010.0, 2011.0, 2012.0]>",5,"<[2010.0, 54]; [2011.0, 84]; [2012.0, 96]>",8,223,231,4,0.597403,0.679069,0.000903,234,0.021578753,4.656425909,,,,
172,digital_media,"<[2010.0, 2011.0, 2012.0]>",3,"<[2010.0, 50]; [2011.0, 78]; [2012.0, 95]>",67,164,231,4,0.605898,0.679388,0.004992,223,0.027983436,7.830726799,,,,
40,automotive,"<[2010.0, 2011.0, 2012.0]>",0,"<[2010.0, 87]; [2011.0, 106]; [2012.0, 113]>",15,207,222,4,0.59751,0.674334,0.001876,306,0.027679783,7.661703816,,,,
111,computer,"<[2010.0, 2011.0, 2012.0]>",5,"<[2010.0, 81]; [2011.0, 77]; [2012.0, 82]>",41,175,216,3,0.594878,0.667319,0.002558,240,0.022132055,4.898278405,,,,
602,venture_capital,"<[2010.0, 2011.0, 2012.0]>",1,"<[2010.0, 51]; [2011.0, 70]; [2012.0, 82]>",200,11,211,3,0.625,0.75,0.001759,203,0.051535923,26.55951341,,,,
471,professional_services,"<[2010.0, 2011.0, 2012.0]>",5,"<[2010.0, 102]; [2011.0, 124]; [2012.0, 135]>",156,50,206,4,0.575646,0.651175,0.004695,361,0.033290299,11.08243993,,,,
118,consumer,"<[2010.0, 2011.0, 2012.0]>",4,"<[2010.0, 56]; [2011.0, 57]; [2012.0, 59]>",41,164,205,4,0.588098,0.658565,0.003546,172,0.053582555,28.71090149,,,,
374,medical,"<[2010.0, 2011.0, 2012.0]>",2,"<[2010.0, 151]; [2011.0, 165]; [2012.0, 163]>",117,78,195,3,0.581509,0.655509,0.003056,479,0.129845487,168.5985039,,,,
480,publishing,"<[2010.0, 2011.0, 2012.0]>",3,"<[2010.0, 50]; [2011.0, 65]; [2012.0, 64]>",145,50,195,3,0.589958,0.669031,0.002929,179,0.02246204,5.045432592,,,,
308,industrial,"<[2010.0, 2011.0, 2012.0]>",0,"<[2010.0, 115]; [2011.0, 161]; [2012.0, 151]>",82,112,194,3,0.589837,0.665641,0.002904,427,0.038625057,14.91894992,,,,
485,real_estate,"<[2010.0, 2011.0, 2012.0]>",1,"<[2010.0, 56]; [2011.0, 73]; [2012.0, 90]>",148,46,194,4,0.579167,0.656475,0.004775,219,0.055597867,30.91122868,,,,
373,media_and_entertainment,"<[2010.0, 2011.0, 2012.0]>",3,"<[2010.0, 59]; [2011.0, 61]; [2012.0, 78]>",114,78,192,3,0.574879,0.652661,0.005583,198,0.024846279,6.173375967,,,,
27,apps,"<[2010.0, 2011.0, 2012.0]>",3,"<[2010.0, 27]; [2011.0, 52]; [2012.0, 46]>",10,181,191,3,0.584585,0.651541,0.001098,125,0.015685782,2.460437697,,,,
189,education,"<[2010.0, 2011.0, 2012.0]>",1,"<[2010.0, 50]; [2011.0, 69]; [2012.0, 61]>",58,133,191,3,0.585598,0.651585,0.003683,180,0.045696877,20.88204602,,,,
357,logistics,"<[2010.0, 2011.0, 2012.0]>",0,"<[2010.0, 66]; [2011.0, 100]; [2012.0, 115]>",110,79,189,3,0.569937,0.637363,0.003907,281,0.025418363,6.46093164,,,,
515,search_engine,"<[2010.0, 2011.0, 2012.0]>",3,"<[2010.0, 38]; [2011.0, 44]; [2012.0, 44]>",152,37,189,4,0.586022,0.662844,0.002433,126,0.015811269,2.499962168,,,,
244,food_and_beverage,"<[2010.0, 2011.0, 2012.0]>",4,"<[2010.0, 84]; [2011.0, 95]; [2012.0, 127]>",72,117,189,3,0.585056,0.654438,0.006105,306,0.095327103,90.87256529,,,,
589,transportation,"<[2010.0, 2011.0, 2012.0]>",0,"<[2010.0, 49]; [2011.0, 110]; [2012.0, 84]>",174,15,189,3,0.607843,0.72043,0.002328,243,0.021981004,4.831645399,,,,
90,cloud_computing,"<[2010.0, 2011.0, 2012.0]>",5,"<[2010.0, 45]; [2011.0, 73]; [2012.0, 63]>",26,159,185,4,0.574837,0.643711,0.001508,181,0.016691258,2.785980882,,,,
66,business_development,"<[2010.0, 2011.0, 2012.0]>",5,"<[2010.0, 38]; [2011.0, 36]; [2012.0, 40]>",21,164,185,3,0.58147,0.646825,0.00129,114,0.010512726,1.105174065,,,,
127,content,"<[2010.0, 2011.0, 2012.0]>",3,"<[2010.0, 29]; [2011.0, 36]; [2012.0, 45]>",36,148,184,3,0.581948,0.647619,0.002706,110,0.013803489,1.905362953,,,,
633,web_hosting,"<[2010.0, 2011.0, 2012.0]>",5,"<[2010.0, 51]; [2011.0, 63]; [2012.0, 66]>",181,2,183,1,1,1,0.000229,180,0.016599041,2.755281603,,,,
605,video,"<[2010.0, 2011.0, 2012.0]>",3,"<[2010.0, 37]; [2011.0, 55]; [2012.0, 53]>",170,13,183,2,0.76,0.842105,0.000762,145,0.018195508,3.310764965,,,,
145,crm,"<[2010.0, 2011.0, 2012.0]>",5,"<[2010.0, 55]; [2011.0, 37]; [2012.0, 60]>",43,139,182,3,0.576048,0.640333,0.002342,152,0.014016968,1.964753893,,,,
643,wireless,"<[2010.0, 2011.0, 2012.0]>",3,"<[2010.0, 68]; [2011.0, 64]; [2012.0, 70]>",182,0,182,0,0,0,0,202,0.025348224,6.425324787,,,,
103,commercial,"<[2010.0, 2011.0, 2012.0]>",0,"<[2010.0, 72]; [2011.0, 112]; [2012.0, 86]>",29,152,181,3,0.574586,0.640705,0.00253,270,0.024423338,5.96499432,,,,
121,consumer_goods,"<[2010.0, 2011.0, 2012.0]>",0,"<[2010.0, 65]; [2011.0, 86]; [2012.0, 82]>",40,139,179,5,0.567916,0.636151,0.002811,233,0.021076436,4.442161545,,,,
116,construction,"<[2010.0, 2011.0, 2012.0]>",0,"<[2010.0, 108]; [2011.0, 118]; [2012.0, 128]>",36,139,175,3,0.566815,0.630321,0.001347,354,0.03202171,10.25389888,,,,
205,energy,"<[2010.0, 2011.0, 2012.0]>",0,"<[2010.0, 119]; [2011.0, 168]; [2012.0, 170]>",47,126,173,3,0.576341,0.644391,0.002494,457,0.041338761,17.0889314,,,,
477,public_relations,"<[2010.0, 2011.0, 2012.0]>",3,"<[2010.0, 53]; [2011.0, 55]; [2012.0, 62]>",129,43,172,4,0.548872,0.628995,0.002605,170,0.021332664,4.550825565,,,,
98,collaboration,"<[2010.0, 2011.0, 2012.0]>",5,"<[2010.0, 47]; [2011.0, 44]; [2012.0, 43]>",31,140,171,4,0.565689,0.628439,0.001843,134,0.012357064,1.526970261,,,,
465,product_design,"<[2010.0, 2011.0, 2012.0]>",0,"<[2010.0, 33]; [2011.0, 58]; [2012.0, 56]>",123,42,165,4,0.542373,0.614583,0.001705,147,0.013297151,1.768142144,,,,
632,web_development,"<[2010.0, 2011.0, 2012.0]>",3,"<[2010.0, 24]; [2011.0, 24]; [2012.0, 36]>",162,3,165,2,0.8,0.875,0.000285,84,0.010540846,1.111094297,,,,
149,customer_service,"<[2010.0, 2011.0, 2012.0]>",1,"<[2010.0, 30]; [2011.0, 42]; [2012.0, 44]>",52,111,163,4,0.552723,0.609713,0.002799,116,0.029449099,8.672494175,,,,
405,news,"<[2010.0, 2011.0, 2012.0]>",3,"<[2010.0, 42]; [2011.0, 38]; [2012.0, 50]>",103,59,162,4,0.55988,0.641711,0.003339,130,0.016313214,2.661209413,,,,
49,big_data,"<[2010.0, 2011.0, 2012.0]>",5,"<[2010.0, 32]; [2011.0, 27]; [2012.0, 35]>",16,145,161,4,0.560804,0.622909,0.001032,94,0.008668388,0.751409514,,,,
109,communities,"<[2010.0, 2011.0, 2012.0]>",3,"<[2010.0, 19]; [2011.0, 25]; [2012.0, 28]>",23,137,160,3,0.569061,0.629126,0.001882,72,0.009035011,0.816314177,,,,
68,business_intelligence,"<[2010.0, 2011.0, 2012.0]>",5,"<[2010.0, 34]; [2011.0, 29]; [2012.0, 43]>",16,142,158,4,0.563025,0.625777,0.000521,106,0.009774991,0.955504447,,,,
56,biotechnology,"<[2010.0, 2011.0, 2012.0]>",2,"<[2010.0, 155]; [2011.0, 162]; [2012.0, 167]>",16,140,156,3,0.565401,0.625622,0.001808,484,0.131200867,172.1366762,,,,
318,insurance,"<[2010.0, 2011.0, 2012.0]>",1,"<[2010.0, 92]; [2011.0, 155]; [2012.0, 149]>",80,75,155,3,0.559567,0.616129,0.002968,396,0.10053313,101.0691028,,,,
46,banking,"<[2010.0, 2011.0, 2012.0]>",1,"<[2010.0, 60]; [2011.0, 63]; [2012.0, 83]>",12,141,153,4,0.555556,0.616667,0.000856,206,0.052297537,27.35032423,,,,
367,market_research,"<[2010.0, 2011.0, 2012.0]>",3,"<[2010.0, 30]; [2011.0, 38]; [2012.0, 41]>",92,61,153,3,0.553611,0.612648,0.001566,109,0.013678002,1.870877458,,,,
42,b2b,"<[2010.0, 2011.0, 2012.0]>",3,"<[2010.0, 36]; [2011.0, 48]; [2012.0, 34]>",6,146,152,3,0.565304,0.624339,0.000291,118,0.014807379,2.192584608,,,,
387,mobile_apps,"<[2010.0, 2011.0, 2012.0]>",3,"<[2010.0, 14]; [2011.0, 29]; [2012.0, 26]>",95,57,152,4,0.54712,0.620415,0.001329,69,0.008658552,0.749705208,,,,
324,internet_of_things,"<[2010.0, 2011.0, 2012.0]>",3,"<[2010.0, 24]; [2011.0, 30]; [2012.0, 21]>",74,78,152,4,0.558317,0.624144,0.001517,75,0.009411469,0.885757571,,,,
294,hospitality,"<[2010.0, 2011.0, 2012.0]>",4,"<[2010.0, 26]; [2011.0, 39]; [2012.0, 46]>",66,85,151,3,0.563884,0.623364,0.002835,111,0.034579439,11.95737619,,,,
419,online_portals,"<[2010.0, 2011.0, 2012.0]>",3,"<[2010.0, 22]; [2011.0, 16]; [2012.0, 26]>",103,48,151,4,0.565359,0.631503,0.001658,64,0.008031121,0.64498898,,,,
415,oil_and_gas,"<[2010.0, 2011.0, 2012.0]>",0,"<[2010.0, 89]; [2011.0, 131]; [2012.0, 111]>",98,51,149,4,0.535014,0.612565,0.002164,331,0.029941203,8.964756416,,,,
521,semiconductor,"<[2010.0, 2011.0, 2012.0]>",0,"<[2010.0, 44]; [2011.0, 67]; [2012.0, 60]>",123,25,148,4,0.525773,0.598856,0.001258,171,0.015468114,2.3926255,,,,
150,cyber_security,"<[2010.0, 2011.0, 2012.0]>",5,"<[2010.0, 37]; [2011.0, 35]; [2012.0, 42]>",36,111,147,3,0.555164,0.611346,0.001749,114,0.010512726,1.105174065,,,,
428,outsourcing,"<[2010.0, 2011.0, 2012.0]>",5,"<[2010.0, 63]; [2011.0, 76]; [2012.0, 69]>",106,40,146,3,0.545455,0.604406,0.001154,208,0.019181114,3.679151335,,,,
566,supply_chain_management,"<[2010.0, 2011.0, 2012.0]>",0,"<[2010.0, 43]; [2011.0, 57]; [2012.0, 58]>",133,13,146,4,0.522523,0.590517,0.000491,158,0.014292175,2.042662801,,,,
108,communications_infrastructure,"<[2010.0, 2011.0, 2012.0]>",3,"<[2010.0, 33]; [2011.0, 43]; [2012.0, 36]>",23,121,144,4,0.556034,0.611919,0.000835,112,0.014054461,1.97527875,,,,
80,chemical,"<[2010.0, 2011.0, 2012.0]>",0,"<[2010.0, 60]; [2011.0, 82]; [2012.0, 84]>",18,125,143,3,0.550209,0.609632,0.001271,226,0.020443238,4.179259944,,,,
370,marketplace,"<[2010.0, 2011.0, 2012.0]>",4,"<[2010.0, 14]; [2011.0, 23]; [2012.0, 28]>",84,59,143,3,0.551963,0.613668,0.001527,65,0.020249221,4.100309586,,,,
166,developer_platform,"<[2010.0, 2011.0, 2012.0]>",5,"<[2010.0, 43]; [2011.0, 28]; [2012.0, 21]>",34,108,142,4,0.55355,0.610688,0.001196,92,0.008483954,0.719774799,,,,
507,risk_management,"<[2010.0, 2011.0, 2012.0]>",1,"<[2010.0, 57]; [2011.0, 81]; [2012.0, 97]>",117,24,141,4,0.536364,0.591102,0.001008,235,0.059659812,35.59293184,,,,
378,messaging,"<[2010.0, 2011.0, 2012.0]>",3,"<[2010.0, 22]; [2011.0, 25]; [2012.0, 30]>",79,62,141,4,0.55,0.62013,0.00144,77,0.009662442,0.933627847,,,,
326,ios,"<[2010.0, 2011.0, 2012.0]>",3,"<[2010.0, 15]; [2011.0, 19]; [2012.0, 25]>",69,72,141,3,0.555985,0.616898,0.000978,59,0.007403689,0.548146152,,,,
316,infrastructure,"<[2010.0, 2011.0, 2012.0]>",0,"<[2010.0, 41]; [2011.0, 42]; [2012.0, 47]>",68,73,141,3,0.548161,0.607029,0.000868,130,0.011759385,1.382831331,,,,
435,payments,"<[2010.0, 2011.0, 2012.0]>",1,"<[2010.0, 40]; [2011.0, 43]; [2012.0, 35]>",102,37,139,4,0.542208,0.600299,0.002147,118,0.029956842,8.974123729,,,,
590,travel,"<[2010.0, 2011.0, 2012.0]>",4,"<[2010.0, 28]; [2011.0, 46]; [2012.0, 59]>",132,7,139,3,0.586207,0.686275,0.000697,133,0.041433022,17.16695296,,,,
311,industrial_engineering,"<[2010.0, 2011.0, 2012.0]>",0,"<[2010.0, 53]; [2011.0, 82]; [2012.0, 87]>",64,74,138,3,0.539363,0.600932,0.001041,222,0.020081411,4.032630728,,,,
268,government,"<[2010.0, 2011.0, 2012.0]>",5,"<[2010.0, 25]; [2011.0, 23]; [2012.0, 27]>",55,82,137,3,0.55625,0.610487,0.000987,75,0.006916267,0.4783475,,,,
443,pharmaceutical,"<[2010.0, 2011.0, 2012.0]>",2,"<[2010.0, 94]; [2011.0, 112]; [2012.0, 96]>",102,34,136,3,0.538961,0.592369,0.002062,302,0.081865004,67.01878891,,,,
562,sports,"<[2010.0, 2011.0, 2012.0]>",3,"<[2010.0, 24]; [2011.0, 34]; [2012.0, 37]>",113,22,135,5,0.554455,0.66875,0.001212,95,0.011921195,1.421148814,,,,
239,fintech,"<[2010.0, 2011.0, 2012.0]>",1,"<[2010.0, 23]; [2011.0, 29]; [2012.0, 36]>",51,84,135,3,0.54848,0.603342,0.00088,88,0.022340696,4.991066803,,,,
508,robotics,"<[2010.0, 2011.0, 2012.0]>",5,"<[2010.0, 16]; [2011.0, 25]; [2012.0, 36]>",113,21,134,4,0.522321,0.574786,0.000442,77,0.007100701,0.504199525,,,,
631,web_design,"<[2010.0, 2011.0, 2012.0]>",3,"<[2010.0, 21]; [2011.0, 24]; [2012.0, 28]>",130,4,134,2,0.833333,0.9,0.000189,73,0.009160497,0.839147039,,,,
171,digital_marketing,"<[2010.0, 2011.0, 2012.0]>",3,"<[2010.0, 31]; [2011.0, 25]; [2012.0, 30]>",42,91,133,4,0.538553,0.591043,0.001365,86,0.010791818,1.164633421,,,,
552,social_network,"<[2010.0, 2011.0, 2012.0]>",3,"<[2010.0, 14]; [2011.0, 27]; [2012.0, 17]>",114,18,132,4,0.529801,0.594792,0.000982,58,0.007278203,0.529722394,,,,
62,broadcasting,"<[2010.0, 2011.0, 2012.0]>",3,"<[2010.0, 22]; [2011.0, 33]; [2012.0, 33]>",11,120,131,4,0.55244,0.607143,0.000434,88,0.011042791,1.21943229,,,,
298,human_resources,"<[2010.0, 2011.0, 2012.0]>",1,"<[2010.0, 41]; [2011.0, 42]; [2012.0, 67]>",59,72,131,3,0.558261,0.609553,0.001285,150,0.038080731,14.50142085,,,,
227,fashion,"<[2010.0, 2011.0, 2012.0]>",4,"<[2010.0, 36]; [2011.0, 48]; [2012.0, 49]>",44,86,130,3,0.550345,0.602339,0.002278,133,0.041433022,17.16695296,,,,
530,shopping,"<[2010.0, 2011.0, 2012.0]>",4,"<[2010.0, 22]; [2011.0, 23]; [2012.0, 25]>",107,23,130,4,0.555556,0.619444,0.001504,70,0.021806854,4.755388632,,,,
15,agriculture,"<[2010.0, 2011.0, 2012.0]>",0,"<[2010.0, 30]; [2011.0, 59]; [2012.0, 61]>",2,127,129,4,0.542831,0.596761,0.000165,150,0.013568521,1.84104763,,,,
403,network_security,"<[2010.0, 2011.0, 2012.0]>",5,"<[2010.0, 25]; [2011.0, 31]; [2012.0, 28]>",89,38,127,4,0.515873,0.576496,0.001261,84,0.007746219,0.600039105,,,,
360,machinery_manufacturing,"<[2010.0, 2011.0, 2012.0]>",0,"<[2010.0, 69]; [2011.0, 93]; [2012.0, 99]>",68,57,125,4,0.525097,0.586091,0.001204,261,0.023609227,5.573955804,,,,
317,innovation_management,"<[2010.0, 2011.0, 2012.0]>",0,"<[2010.0, 21]; [2011.0, 37]; [2012.0, 37]>",59,65,124,3,0.53886,0.593483,0.001102,95,0.008593397,0.73846466,,,,
343,leisure,"<[2010.0, 2011.0, 2012.0]>",4,"<[2010.0, 29]; [2011.0, 44]; [2012.0, 52]>",54,70,124,3,0.551859,0.614066,0.003617,125,0.03894081,15.16386681,,,,
261,gaming,"<[2010.0, 2011.0, 2012.0]>",3,"<[2010.0, 28]; [2011.0, 32]; [2012.0, 37]>",50,73,123,4,0.539493,0.591851,0.003233,97,0.012172167,1.481616531,,,,
375,medical_device,"<[2010.0, 2011.0, 2012.0]>",2,"<[2010.0, 90]; [2011.0, 73]; [2012.0, 107]>",76,47,123,4,0.515892,0.585308,0.000951,270,0.073190567,53.56859032,,,,
60,brand_marketing,"<[2010.0, 2011.0, 2012.0]>",3,"<[2010.0, 15]; [2011.0, 32]; [2012.0, 27]>",13,108,121,4,0.539883,0.58964,0.000503,74,0.009285983,0.862294837,,,,
361,management_consulting,"<[2010.0, 2011.0, 2012.0]>",5,"<[2010.0, 27]; [2011.0, 28]; [2012.0, 30]>",73,48,121,3,0.525194,0.575031,0.000885,85,0.007838436,0.614410789,,,,
347,lifestyle,"<[2010.0, 2011.0, 2012.0]>",4,"<[2010.0, 22]; [2011.0, 32]; [2012.0, 38]>",60,59,119,4,0.534483,0.592294,0.001953,92,0.028660436,8.214205996,,,,
487,real_time,"<[2010.0, 2011.0, 2012.0]>",3,"<[2010.0, 9]; [2011.0, 15]; [2012.0, 13]>",89,29,118,4,0.549356,0.60612,0.000605,37,0.004642992,0.215573709,,,,
13,aerospace,"<[2010.0, 2011.0, 2012.0]>",0,"<[2010.0, 38]; [2011.0, 69]; [2012.0, 74]>",3,114,117,4,0.534452,0.584573,0.000823,181,0.016372682,2.680647173,,,,
218,events,"<[2010.0, 2011.0, 2012.0]>",3,"<[2010.0, 25]; [2011.0, 27]; [2012.0, 32]>",42,74,116,4,0.532798,0.582705,0.001072,84,0.010540846,1.111094297,,,,
170,digital_entertainment,"<[2010.0, 2011.0, 2012.0]>",3,"<[2010.0, 16]; [2011.0, 23]; [2012.0, 21]>",27,88,115,4,0.545998,0.592451,0.00139,60,0.007529176,0.566884845,,,,
197,email,"<[2010.0, 2011.0, 2012.0]>",3,"<[2010.0, 19]; [2011.0, 14]; [2012.0, 20]>",39,76,115,4,0.521465,0.575262,0.000544,53,0.006650772,0.442327647,,,,
341,legal,"<[2010.0, 2011.0, 2012.0]>",5,"<[2010.0, 24]; [2011.0, 22]; [2012.0, 42]>",63,51,114,4,0.525,0.578449,0.000693,88,0.008115087,0.658546319,,,,
637,wholesale,"<[2010.0, 2011.0, 2012.0]>",0,"<[2010.0, 39]; [2011.0, 58]; [2012.0, 59]>",112,2,114,2,0.75,0.833333,0.000303,156,0.014111262,1.991277116,,,,
494,renewable_energy,"<[2010.0, 2011.0, 2012.0]>",0,"<[2010.0, 46]; [2011.0, 51]; [2012.0, 43]>",87,25,112,4,0.52459,0.58138,0.000998,140,0.012663953,1.603757046,,,,
586,training,"<[2010.0, 2011.0, 2012.0]>",5,"<[2010.0, 39]; [2011.0, 38]; [2012.0, 32]>",105,7,112,4,0.419753,0.514706,0.000848,109,0.010051641,1.010354961,,,,
193,electrical_distribution,"<[2010.0, 2011.0, 2012.0]>",0,"<[2010.0, 43]; [2011.0, 36]; [2012.0, 62]>",28,83,111,4,0.533582,0.585664,0.000662,141,0.01275441,1.626749686,,,,
503,retail_technology,"<[2010.0, 2011.0, 2012.0]>",4,"<[2010.0, 6]; [2011.0, 12]; [2012.0, 13]>",93,17,110,4,0.50211,0.54972,0.000503,31,0.009657321,0.932638464,,,,
11,advertising_platforms,"<[2010.0, 2011.0, 2012.0]>",3,"<[2010.0, 12]; [2011.0, 18]; [2012.0, 10]>",5,105,110,4,0.527656,0.576123,0.000384,40,0.00501945,0.25194882,,,,
501,restaurants,"<[2010.0, 2011.0, 2012.0]>",4,"<[2010.0, 9]; [2011.0, 28]; [2012.0, 28]>",83,27,110,4,0.53527,0.592377,0.001646,65,0.020249221,4.100309586,,,,
167,developer_tools,"<[2010.0, 2011.0, 2012.0]>",3,"<[2010.0, 18]; [2011.0, 17]; [2012.0, 19]>",28,81,109,5,0.521047,0.573217,0.001072,54,0.006776258,0.459176725,,,,
393,music,"<[2010.0, 2011.0, 2012.0]>",3,"<[2010.0, 16]; [2011.0, 19]; [2012.0, 25]>",68,40,108,4,0.509186,0.576031,0.000866,60,0.007529176,0.566884845,,,,
372,mechanical_engineering,"<[2010.0, 2011.0, 2012.0]>",0,"<[2010.0, 41]; [2011.0, 57]; [2012.0, 61]>",64,44,108,4,0.477137,0.547569,0.001007,159,0.014382632,2.068601117,,,,
612,video_streaming,"<[2010.0, 2011.0, 2012.0]>",3,"<[2010.0, 11]; [2011.0, 22]; [2012.0, 16]>",102,5,107,2,0.727273,0.8125,0.000555,49,0.006148827,0.378080698,,,,
369,marketing_automation,"<[2010.0, 2011.0, 2012.0]>",3,"<[2010.0, 14]; [2011.0, 13]; [2012.0, 18]>",63,39,102,3,0.511777,0.562064,0.000606,45,0.005646882,0.318872726,,,,
472,project_management,"<[2010.0, 2011.0, 2012.0]>",0,"<[2010.0, 12]; [2011.0, 16]; [2012.0, 18]>",81,21,102,4,0.508772,0.554598,0.000546,46,0.004161013,0.173140302,,,,
460,printing,"<[2010.0, 2011.0, 2012.0]>",3,"<[2010.0, 23]; [2011.0, 29]; [2012.0, 26]>",76,26,102,4,0.52669,0.576014,0.000768,78,0.009787928,0.958035389,,,,
246,food_processing,"<[2010.0, 2011.0, 2012.0]>",4,"<[2010.0, 29]; [2011.0, 47]; [2012.0, 58]>",46,55,101,4,0.525148,0.56784,0.002303,134,0.041744548,17.42607312,,,,
388,mobile_devices,"<[2010.0, 2011.0, 2012.0]>",3,"<[2010.0, 16]; [2011.0, 11]; [2012.0, 23]>",68,33,101,5,0.495,0.554461,0.000677,50,0.006274313,0.393670032,,,,
490,recruiting,"<[2010.0, 2011.0, 2012.0]>",1,"<[2010.0, 27]; [2011.0, 27]; [2012.0, 41]>",78,21,99,4,0.507874,0.560724,0.000704,95,0.024117796,5.81668103,,,,
362,management_information_systems,"<[2010.0, 2011.0, 2012.0]>",5,"<[2010.0, 17]; [2011.0, 13]; [2012.0, 22]>",58,40,98,4,0.516315,0.560409,0.000767,52,0.004795278,0.229946958,,,,
346,life_science,"<[2010.0, 2011.0, 2012.0]>",2,"<[2010.0, 48]; [2011.0, 42]; [2012.0, 43]>",56,42,98,4,0.509506,0.558769,0.000382,133,0.036053131,12.9982825,,,,
4,ad_network,"<[2010.0, 2011.0, 2012.0]>",3,"<[2010.0, 13]; [2011.0, 24]; [2012.0, 17]>",0,98,98,4,0.516949,0.564891,0,54,0.006776258,0.459176725,,,,
162,delivery,"<[2010.0, 2011.0, 2012.0]>",4,"<[2010.0, 12]; [2011.0, 14]; [2012.0, 19]>",24,74,98,4,0.534884,0.575543,0.000626,45,0.014018692,1.965237139,,,,
91,cloud_data_services,"<[2010.0, 2011.0, 2012.0]>",5,"<[2010.0, 14]; [2011.0, 19]; [2012.0, 26]>",13,85,98,4,0.52381,0.569287,0.000181,59,0.005440797,0.296022693,,,,
21,android,"<[2010.0, 2011.0, 2012.0]>",3,"<[2010.0, 8]; [2011.0, 12]; [2012.0, 15]>",5,92,97,4,0.515337,0.562642,0.000143,35,0.004392019,0.192898315,,,,
65,building_material,"<[2010.0, 2011.0, 2012.0]>",0,"<[2010.0, 37]; [2011.0, 44]; [2012.0, 68]>",12,85,97,3,0.531062,0.572956,0.000552,149,0.013478064,1.816582152,,,,
398,national_security,"<[2010.0, 2011.0, 2012.0]>",0,"<[2010.0, 24]; [2011.0, 26]; [2012.0, 26]>",62,35,97,4,0.483333,0.54844,0.000764,76,0.006874717,0.472617383,,,,
356,location_based_services,"<[2010.0, 2011.0, 2012.0]>",3,"<[2010.0, 6]; [2011.0, 12]; [2012.0, 12]>",51,45,96,3,0.532803,0.576493,0.000525,30,0.003764588,0.141721211,,,,
158,database,"<[2010.0, 2011.0, 2012.0]>",5,"<[2010.0, 14]; [2011.0, 11]; [2012.0, 16]>",29,65,94,4,0.516741,0.557955,0.00041,41,0.003780893,0.142951493,,,,
619,virtualization,"<[2010.0, 2011.0, 2012.0]>",5,"<[2010.0, 27]; [2011.0, 21]; [2012.0, 34]>",90,4,94,2,0.833333,0.9,0.000139,82,0.007561785,0.571805972,,,,
551,social_media_marketing,"<[2010.0, 2011.0, 2012.0]>",3,"<[2010.0, 15]; [2011.0, 17]; [2012.0, 23]>",82,12,94,4,0.503106,0.552469,0.000181,55,0.006901744,0.476340738,,,,
352,local,"<[2010.0, 2011.0, 2012.0]>",3,"<[2010.0, 8]; [2011.0, 9]; [2012.0, 12]>",50,44,94,4,0.493601,0.550617,0.000868,29,0.003639102,0.132430599,,,,
206,energy_efficiency,"<[2010.0, 2011.0, 2012.0]>",0,"<[2010.0, 11]; [2011.0, 27]; [2012.0, 34]>",24,69,93,4,0.503623,0.559353,0.000363,72,0.00651289,0.424177374,,,,
582,tourism,"<[2010.0, 2011.0, 2012.0]>",4,"<[2010.0, 15]; [2011.0, 28]; [2012.0, 30]>",83,10,93,3,0.52381,0.616162,0.00049,73,0.022741433,5.171727759,,,,
301,identity_management,"<[2010.0, 2011.0, 2012.0]>",5,"<[2010.0, 13]; [2011.0, 7]; [2012.0, 11]>",42,50,92,3,0.529801,0.570833,0.000468,31,0.002858724,0.081723013,,,,
312,industrial_manufacturing,"<[2010.0, 2011.0, 2012.0]>",0,"<[2010.0, 30]; [2011.0, 41]; [2012.0, 54]>",38,53,91,3,0.52883,0.573209,0.000749,125,0.011307101,1.278505298,,,,
574,test_and_measurement,"<[2010.0, 2011.0, 2012.0]>",0,"<[2010.0, 22]; [2011.0, 39]; [2012.0, 37]>",85,6,91,4,0.431818,0.504386,0.000114,98,0.008864767,0.785840953,,,,
33,asset_management,"<[2010.0, 2011.0, 2012.0]>",0,"<[2010.0, 15]; [2011.0, 17]; [2012.0, 18]>",3,88,91,4,0.519678,0.563683,0.000178,50,0.00452284,0.204560848,,,,
543,social,"<[2010.0, 2011.0, 2012.0]>",3,"<[2010.0, 5]; [2011.0, 15]; [2012.0, 12]>",75,15,90,4,0.52071,0.571023,0.000399,32,0.00401556,0.161247245,,,,
610,video_games,"<[2010.0, 2011.0, 2012.0]>",3,"<[2010.0, 12]; [2011.0, 17]; [2012.0, 24]>",80,9,89,3,0.666667,0.770833,0.000425,53,0.006650772,0.442327647,,,,
198,email_marketing,"<[2010.0, 2011.0, 2012.0]>",3,"<[2010.0, 10]; [2011.0, 10]; [2012.0, 13]>",37,51,88,4,0.503053,0.543487,0.000329,33,0.004141047,0.171482666,,,,
67,business_information_systems,"<[2010.0, 2011.0, 2012.0]>",5,"<[2010.0, 19]; [2011.0, 11]; [2012.0, 13]>",9,78,87,4,0.511407,0.556227,0.000188,43,0.003965326,0.157238138,,,,
401,navigation,"<[2010.0, 2011.0, 2012.0]>",5,"<[2010.0, 16]; [2011.0, 15]; [2012.0, 16]>",61,26,87,5,0.492147,0.543174,0.000473,47,0.004334194,0.187852378,,,,
446,photography,"<[2010.0, 2011.0, 2012.0]>",3,"<[2010.0, 5]; [2011.0, 8]; [2012.0, 12]>",61,26,87,4,0.496689,0.556667,0.000877,25,0.003137156,0.098417508,,,,
535,small_and_medium_businesses,"<[2010.0, 2011.0, 2012.0]>",5,"<[2010.0, 9]; [2011.0, 15]; [2012.0, 21]>",69,16,85,4,0.517857,0.573755,0.0003,45,0.00414976,0.1722051,,,,
2,accounting,"<[2010.0, 2011.0, 2012.0]>",5,"<[2010.0, 17]; [2011.0, 16]; [2012.0, 27]>",0,84,84,4,0.511945,0.555278,0,60,0.005533014,0.3061424,,,,
309,industrial_automation,"<[2010.0, 2011.0, 2012.0]>",0,"<[2010.0, 20]; [2011.0, 23]; [2012.0, 35]>",33,50,83,3,0.527687,0.56893,0.000697,78,0.007055631,0.497819279,,,,
154,data_integration,"<[2010.0, 2011.0, 2012.0]>",5,"<[2010.0, 12]; [2011.0, 9]; [2012.0, 18]>",22,61,83,4,0.513751,0.553176,0.000265,39,0.003596459,0.129345164,,,,
187,ediscovery,"<[2010.0, 2011.0, 2012.0]>",5,"<[2010.0, 5]; [2011.0, 10]; [2012.0, 23]>",29,54,83,4,0.504878,0.5469,0.000196,38,0.003504242,0.122797118,,,,
510,sales,"<[2010.0, 2011.0, 2012.0]>",0,"<[2010.0, 12]; [2011.0, 20]; [2012.0, 16]>",69,13,82,4,0.482456,0.52803,0.000318,48,0.004341927,0.188523277,,,,
240,fitness,"<[2010.0, 2011.0, 2012.0]>",2,"<[2010.0, 10]; [2011.0, 16]; [2012.0, 16]>",28,53,81,4,0.522039,0.560906,0.000576,42,0.011385199,1.296227618,,,,
576,textiles,"<[2010.0, 2011.0, 2012.0]>",4,"<[2010.0, 21]; [2011.0, 25]; [2012.0, 16]>",69,12,81,3,0.512195,0.603175,0.000405,62,0.019314642,3.730553857,,,,
386,mobile_advertising,"<[2010.0, 2011.0, 2012.0]>",3,"<[2010.0, 6]; [2011.0, 16]; [2012.0, 9]>",50,30,80,5,0.47651,0.533803,0.000249,31,0.003890074,0.15132676,,,,
207,energy_management,"<[2010.0, 2011.0, 2012.0]>",0,"<[2010.0, 15]; [2011.0, 25]; [2012.0, 13]>",21,59,80,3,0.52267,0.561847,0.000308,53,0.004794211,0.229844569,,,,
616,virtual_reality,"<[2010.0, 2011.0, 2012.0]>",5,"<[2010.0, 6]; [2011.0, 8]; [2012.0, 11]>",77,3,80,2,0.6,0.666667,0.00021,25,0.002305422,0.053149722,,,,
594,tv,"<[2010.0, 2011.0, 2012.0]>",3,"<[2010.0, 12]; [2011.0, 13]; [2012.0, 17]>",72,8,80,4,0.525424,0.604839,0.000131,42,0.005270423,0.277773574,,,,
329,it_management,"<[2010.0, 2011.0, 2012.0]>",5,"<[2010.0, 20]; [2011.0, 21]; [2012.0, 16]>",46,34,80,3,0.514071,0.550487,0.000188,57,0.005256363,0.276293516,,,,
177,document_management,"<[2010.0, 2011.0, 2012.0]>",5,"<[2010.0, 12]; [2011.0, 17]; [2012.0, 12]>",26,52,78,4,0.51373,0.547884,0.000364,41,0.003780893,0.142951493,,,,
216,event_management,"<[2010.0, 2011.0, 2012.0]>",3,"<[2010.0, 11]; [2011.0, 16]; [2012.0, 11]>",24,54,78,5,0.4884,0.540917,0.000471,38,0.004768478,0.22738381,,,,
32,artificial_intelligence,"<[2010.0, 2011.0, 2012.0]>",5,"<[2010.0, 5]; [2011.0, 14]; [2012.0, 9]>",7,70,77,4,0.505677,0.544905,0.000181,28,0.002582073,0.066671012,,,,
293,hospital,"<[2010.0, 2011.0, 2012.0]>",2,"<[2010.0, 42]; [2011.0, 32]; [2012.0, 42]>",38,38,76,4,0.513057,0.546657,0.000718,116,0.031444836,9.88777711,,,,
636,wellness,"<[2010.0, 2011.0, 2012.0]>",2,"<[2010.0, 16]; [2011.0, 23]; [2012.0, 21]>",76,0,76,0,0,0,0,60,0.01626457,2.645362485,,,,
209,enterprise,"<[2010.0, 2011.0, 2012.0]>",5,"<[2010.0, 11]; [2011.0, 6]; [2012.0, 9]>",27,48,75,3,0.514321,0.548023,0.000174,26,0.002397639,0.05748674,,,,
328,it_infrastructure,"<[2010.0, 2011.0, 2012.0]>",5,"<[2010.0, 18]; [2011.0, 16]; [2012.0, 13]>",40,34,74,4,0.504554,0.544224,0.000128,47,0.004334194,0.187852378,,,,
455,precious_metals,"<[2010.0, 2011.0, 2012.0]>",0,"<[2010.0, 15]; [2011.0, 30]; [2012.0, 43]>",57,17,74,4,0.474926,0.520704,0.000283,88,0.007960199,0.633647682,,,,
382,mining,"<[2010.0, 2011.0, 2012.0]>",0,"<[2010.0, 40]; [2011.0, 43]; [2012.0, 34]>",48,26,74,4,0.467706,0.521429,0.000514,117,0.010583446,1.120093378,,,,
152,data_center,"<[2010.0, 2011.0, 2012.0]>",5,"<[2010.0, 11]; [2011.0, 17]; [2012.0, 14]>",19,54,73,4,0.49947,0.53804,0.000157,42,0.00387311,0.150009776,,,,
12,advice,"<[2010.0, 2011.0, 2012.0]>",5,"<[2010.0, 12]; [2011.0, 10]; [2012.0, 15]>",2,71,73,5,0.495451,0.538175,0.000018,37,0.003412025,0.116419152,,,,
1,3d_technology,"<[2010.0, 2011.0, 2012.0]>",5,"<[2010.0, 8]; [2011.0, 15]; [2012.0, 16]>",1,72,73,4,0.507513,0.544819,0.000107,39,0.003596459,0.129345164,,,,
142,credit,"<[2010.0, 2011.0, 2012.0]>",1,"<[2010.0, 10]; [2011.0, 11]; [2012.0, 9]>",19,53,72,4,0.506864,0.542014,0.000483,30,0.007616146,0.580056834,,,,
630,web_browsers,"<[2010.0, 2011.0, 2012.0]>",3,"<[2010.0, 10]; [2011.0, 7]; [2012.0, 5]>",70,2,72,2,0.666667,0.75,0.000039,22,0.002760698,0.076214518,,,,
281,health_diagnostics,"<[2010.0, 2011.0, 2012.0]>",2,"<[2010.0, 41]; [2011.0, 37]; [2012.0, 34]>",30,42,72,3,0.501466,0.54191,0.000413,112,0.030360531,9.217618614,,,,
523,seo,"<[2010.0, 2011.0, 2012.0]>",3,"<[2010.0, 10]; [2011.0, 10]; [2012.0, 10]>",54,18,72,4,0.521277,0.57568,0.00019,30,0.003764588,0.141721211,,,,
478,public_safety,"<[2010.0, 2011.0, 2012.0]>",0,"<[2010.0, 16]; [2011.0, 14]; [2012.0, 16]>",54,18,72,4,0.474638,0.529262,0.000331,46,0.004161013,0.173140302,,,,
625,water,"<[2010.0, 2011.0, 2012.0]>",0,"<[2010.0, 20]; [2011.0, 11]; [2012.0, 21]>",67,4,71,2,0.833333,0.9,0.000182,52,0.004703754,0.221253013,,,,
430,packaging_services,"<[2010.0, 2011.0, 2012.0]>",0,"<[2010.0, 18]; [2011.0, 28]; [2012.0, 23]>",50,21,71,3,0.497093,0.538986,0.000582,69,0.00624152,0.389565678,,,,
558,solar,"<[2010.0, 2011.0, 2012.0]>",0,"<[2010.0, 20]; [2011.0, 19]; [2012.0, 15]>",60,10,70,5,0.477477,0.552516,0.000133,54,0.004884668,0.238599773,,,,
491,recycling,"<[2010.0, 2011.0, 2012.0]>",0,"<[2010.0, 17]; [2011.0, 11]; [2012.0, 17]>",51,18,69,4,0.486792,0.538114,0.00016,45,0.004070556,0.165694287,,,,
37,audio,"<[2010.0, 2011.0, 2012.0]>",3,"<[2010.0, 7]; [2011.0, 13]; [2012.0, 9]>",6,63,69,4,0.503051,0.539573,0.000251,29,0.003639102,0.132430599,,,,
92,cloud_infrastructure,"<[2010.0, 2011.0, 2012.0]>",5,"<[2010.0, 9]; [2011.0, 14]; [2012.0, 13]>",8,61,69,4,0.497635,0.537706,0.000663,36,0.003319808,0.110211264,,,,
409,non_profit,"<[2010.0, 2011.0, 2012.0]>",3,"<[2010.0, 8]; [2011.0, 11]; [2012.0, 7]>",44,25,69,4,0.5,0.546245,0.000773,26,0.003262643,0.106448377,,,,
214,environmental_engineering,"<[2010.0, 2011.0, 2012.0]>",0,"<[2010.0, 16]; [2011.0, 18]; [2012.0, 15]>",20,48,68,5,0.489501,0.538382,0.000086,49,0.004432384,0.196460238,,,,
210,enterprise_applications,"<[2010.0, 2011.0, 2012.0]>",5,"<[2010.0, 11]; [2011.0, 5]; [2012.0, 6]>",29,39,68,4,0.5,0.531756,0.000139,22,0.002028772,0.041159145,,,,
188,edtech,"<[2010.0, 2011.0, 2012.0]>",1,"<[2010.0, 12]; [2011.0, 19]; [2012.0, 15]>",20,47,67,4,0.493714,0.532407,0.000279,46,0.011678091,1.363778067,,,,
213,environmental_consulting,"<[2010.0, 2011.0, 2012.0]>",0,"<[2010.0, 21]; [2011.0, 24]; [2012.0, 22]>",20,47,67,4,0.493888,0.535479,0.00018,67,0.006060606,0.367309458,,,,
557,software_engineering,"<[2010.0, 2011.0, 2012.0]>",5,"<[2010.0, 8]; [2011.0, 9]; [2012.0, 8]>",61,6,67,3,0.647059,0.757576,0.00006,25,0.002305422,0.053149722,,,,
93,cloud_management,"<[2010.0, 2011.0, 2012.0]>",5,"<[2010.0, 10]; [2011.0, 10]; [2012.0, 12]>",8,59,67,4,0.483395,0.526718,0.000037,32,0.002950941,0.087080505,,,,
563,staffing_agency,"<[2010.0, 2011.0, 2012.0]>",1,"<[2010.0, 14]; [2011.0, 20]; [2012.0, 27]>",59,7,66,4,0.490566,0.540064,0.00005,61,0.015486164,2.398212755,,,,
495,rental,"<[2010.0, 2011.0, 2012.0]>",0,"<[2010.0, 6]; [2011.0, 18]; [2012.0, 12]>",51,15,66,4,0.492366,0.534238,0.000387,36,0.003256445,0.106044343,,,,
107,communication_hardware,"<[2010.0, 2011.0, 2012.0]>",3,"<[2010.0, 7]; [2011.0, 11]; [2012.0, 7]>",8,58,66,4,0.499035,0.537234,0.000068,25,0.003137156,0.098417508,,,,
156,data_storage,"<[2010.0, 2011.0, 2012.0]>",5,"<[2010.0, 11]; [2011.0, 10]; [2012.0, 12]>",24,41,65,4,0.501608,0.530449,0.000263,33,0.003043158,0.092608076,,,,
221,facilities_support_services,"<[2010.0, 2011.0, 2012.0]>",0,"<[2010.0, 8]; [2011.0, 8]; [2012.0, 18]>",18,47,65,3,0.508219,0.547619,0.000737,34,0.003075531,0.094588936,,,,
59,blogging_platforms,"<[2010.0, 2011.0, 2012.0]>",3,"<[2010.0, 9]; [2011.0, 13]; [2012.0, 7]>",8,57,65,4,0.50096,0.537356,0.000067,29,0.003639102,0.132430599,,,,
418,online_games,"<[2010.0, 2011.0, 2012.0]>",3,"<[2010.0, 12]; [2011.0, 11]; [2012.0, 9]>",45,19,64,4,0.439394,0.492816,0.0002,32,0.00401556,0.161247245,,,,
624,waste_management,"<[2010.0, 2011.0, 2012.0]>",0,"<[2010.0, 19]; [2011.0, 18]; [2012.0, 14]>",61,2,63,3,0.545455,0.638889,0.000037,51,0.004613297,0.212825106,,,,
35,association,"<[2010.0, 2011.0, 2012.0]>",3,"<[2010.0, 8]; [2011.0, 10]; [2012.0, 8]>",2,61,63,5,0.49871,0.535402,0.000117,26,0.003262643,0.106448377,,,,
585,trading_platform,"<[2010.0, 2011.0, 2012.0]>",0,"<[2010.0, 3]; [2011.0, 8]; [2012.0, 12]>",58,4,62,4,0.477273,0.551587,0.000033,23,0.002080507,0.043285075,,,,
348,lighting,"<[2010.0, 2011.0, 2012.0]>",0,"<[2010.0, 16]; [2011.0, 18]; [2012.0, 15]>",36,26,62,4,0.468376,0.509428,0.000093,49,0.004432384,0.196460238,,,,
110,compliance,"<[2010.0, 2011.0, 2012.0]>",5,"<[2010.0, 5]; [2011.0, 8]; [2012.0, 6]>",15,47,62,4,0.491363,0.524902,0.000131,19,0.001752121,0.03069928,,,,
157,data_visualization,"<[2010.0, 2011.0, 2012.0]>",5,"<[2010.0, 7]; [2011.0, 4]; [2012.0, 14]>",21,41,62,5,0.491996,0.525018,0.000279,25,0.002305422,0.053149722,,,,
87,clean_energy,"<[2010.0, 2011.0, 2012.0]>",0,"<[2010.0, 11]; [2011.0, 9]; [2012.0, 18]>",3,58,61,4,0.505803,0.541109,0.000484,38,0.003437359,0.118154346,,,,
475,property_management,"<[2010.0, 2011.0, 2012.0]>",1,"<[2010.0, 7]; [2011.0, 14]; [2012.0, 16]>",46,15,61,4,0.474916,0.518779,0.000185,37,0.009393247,0.882330895,,,,
184,e-commerce_platforms,"<[2010.0, 2011.0, 2012.0]>",4,"<[2010.0, 2]; [2011.0, 6]; [2012.0, 6]>",19,42,61,3,0.508621,0.539548,0.000083,14,0.004361371,0.190215545,,,,
402,network_hardware,"<[2010.0, 2011.0, 2012.0]>",5,"<[2010.0, 10]; [2011.0, 9]; [2012.0, 9]>",42,19,61,4,0.452874,0.5,0.000169,28,0.002582073,0.066671012,,,,
48,beauty,"<[2010.0, 2011.0, 2012.0]>",4,"<[2010.0, 16]; [2011.0, 4]; [2012.0, 9]>",3,57,60,4,0.496889,0.532051,0.000143,29,0.009034268,0.816179967,,,,
622,voip,"<[2010.0, 2011.0, 2012.0]>",3,"<[2010.0, 17]; [2011.0, 8]; [2012.0, 18]>",56,4,60,2,0.75,0.833333,0.000133,43,0.005395909,0.291158355,,,,
17,air_transportation,"<[2010.0, 2011.0, 2012.0]>",0,"<[2010.0, 6]; [2011.0, 10]; [2012.0, 15]>",2,57,59,4,0.494854,0.529896,0.000216,31,0.002804161,0.07863319,,,,
174,direct_marketing,"<[2010.0, 2011.0, 2012.0]>",3,"<[2010.0, 10]; [2011.0, 10]; [2012.0, 4]>",14,44,58,4,0.506787,0.537388,0.000243,24,0.00301167,0.090701575,,,,
106,commercial_real_estate,"<[2010.0, 2011.0, 2012.0]>",1,"<[2010.0, 2]; [2011.0, 11]; [2012.0, 9]>",8,50,58,4,0.50439,0.535622,0.000066,22,0.005585174,0.311941675,,,,
389,mobile_payments,"<[2010.0, 2011.0, 2012.0]>",1,"<[2010.0, 5]; [2011.0, 8]; [2012.0, 8]>",42,16,58,4,0.450928,0.498039,0.00015,21,0.005331302,0.284227849,,,,
456,predictive_analytics,"<[2010.0, 2011.0, 2012.0]>",5,"<[2010.0, 2]; [2011.0, 9]; [2012.0, 8]>",40,18,58,4,0.468208,0.518519,0.000166,19,0.001752121,0.03069928,,,,
359,machine_learning,"<[2010.0, 2011.0, 2012.0]>",5,"<[2010.0, 2]; [2011.0, 4]; [2012.0, 5]>",33,25,58,4,0.479789,0.516789,0.00015,11,0.001014386,0.010289786,,,,
420,open_source,"<[2010.0, 2011.0, 2012.0]>",5,"<[2010.0, 3]; [2011.0, 8]; [2012.0, 7]>",41,17,58,4,0.473118,0.515625,0.000127,18,0.001659904,0.027552816,,,,
629,web_apps,"<[2010.0, 2011.0, 2012.0]>",3,"<[2010.0, 6]; [2011.0, 6]; [2012.0, 2]>",54,3,57,2,0.615385,0.6875,0.000018,14,0.001756808,0.03086373,,,,
165,developer_apis,"<[2010.0, 2011.0, 2012.0]>",3,"<[2010.0, 8]; [2011.0, 5]; [2012.0, 5]>",14,42,56,4,0.498368,0.52984,0.000111,18,0.002258753,0.051019636,,,,
131,content_marketing,"<[2010.0, 2011.0, 2012.0]>",3,"<[2010.0, 3]; [2011.0, 6]; [2012.0, 8]>",14,42,56,4,0.489339,0.523602,0.000138,17,0.002133266,0.045508256,,,,
579,ticketing,"<[2010.0, 2011.0, 2012.0]>",3,"<[2010.0, 8]; [2011.0, 6]; [2012.0, 9]>",50,6,56,4,0.460526,0.530952,0.00022,23,0.002886184,0.083300579,,,,
484,railroad,"<[2010.0, 2011.0, 2012.0]>",0,"<[2010.0, 10]; [2011.0, 17]; [2012.0, 8]>",45,10,55,4,0.472973,0.505357,0.000124,35,0.003165988,0.100234815,,,,
295,hotel,"<[2010.0, 2011.0, 2012.0]>",4,"<[2010.0, 8]; [2011.0, 14]; [2012.0, 11]>",19,36,55,3,0.517296,0.547619,0.000539,33,0.010280374,1.056860861,,,,
522,sensor,"<[2010.0, 2011.0, 2012.0]>",0,"<[2010.0, 7]; [2011.0, 7]; [2012.0, 13]>",45,10,55,4,0.475962,0.517677,0.000156,27,0.002442334,0.059649943,,,,
74,career_planning,"<[2010.0, 2011.0, 2012.0]>",5,"<[2010.0, 5]; [2011.0, 7]; [2012.0, 9]>",5,49,54,4,0.494424,0.527412,0.00006,21,0.001936555,0.037502444,,,,
29,architecture,"<[2010.0, 2011.0, 2012.0]>",5,"<[2010.0, 10]; [2011.0, 15]; [2012.0, 12]>",2,52,54,4,0.488235,0.522519,0.000066,37,0.003412025,0.116419152,,,,
0,3d_printing,"<[2010.0, 2011.0, 2012.0]>",0,"<[2010.0, 9]; [2011.0, 8]; [2012.0, 16]>",0,54,54,4,0.480094,0.516531,0,33,0.002985075,0.089106705,,,,
245,food_delivery,"<[2010.0, 2011.0, 2012.0]>",4,"<[2010.0, 1]; [2011.0, 5]; [2012.0, 18]>",19,34,53,4,0.491034,0.525983,0.000271,24,0.007476636,0.559000786,,,,
518,sem,"<[2010.0, 2011.0, 2012.0]>",3,"<[2010.0, 6]; [2011.0, 6]; [2012.0, 8]>",41,12,53,4,0.505051,0.544167,0.000098,20,0.002509725,0.062987205,,,,
440,personal_health,"<[2010.0, 2011.0, 2012.0]>",2,"<[2010.0, 13]; [2011.0, 9]; [2012.0, 14]>",39,14,53,4,0.471751,0.508483,0.000214,36,0.009758742,0.952330495,,,,
303,impact_investing,"<[2010.0, 2011.0, 2012.0]>",1,"<[2010.0, 8]; [2011.0, 9]; [2012.0, 7]>",23,30,53,3,0.506998,0.535276,0.000075,24,0.006092917,0.371236374,,,,
320,intellectual_property,"<[2010.0, 2011.0, 2012.0]>",5,"<[2010.0, 5]; [2011.0, 3]; [2012.0, 6]>",28,25,53,3,0.496721,0.525303,0.000143,14,0.001291037,0.016667753,,,,
286,home_decor,"<[2010.0, 2011.0, 2012.0]>",4,"<[2010.0, 1]; [2011.0, 11]; [2012.0, 19]>",22,31,53,4,0.491971,0.52547,0.000296,31,0.009657321,0.932638464,,,,
22,angel_investment,"<[2010.0, 2011.0, 2012.0]>",1,"<[2010.0, 7]; [2011.0, 5]; [2012.0, 7]>",1,51,52,4,0.477477,0.514723,0.000093,19,0.004823559,0.232667241,,,,
287,home_health_care,"<[2010.0, 2011.0, 2012.0]>",2,"<[2010.0, 8]; [2011.0, 10]; [2012.0, 25]>",23,29,52,3,0.49635,0.52598,0.000267,43,0.011656275,1.358687565,,,,
313,information_and_communications_technology_(ict),"<[2010.0, 2011.0, 2012.0]>",3,"<[2010.0, 7]; [2011.0, 10]; [2012.0, 10]>",22,30,52,3,0.508772,0.537095,0.000059,27,0.003388129,0.114794181,,,,
429,paas,"<[2010.0, 2011.0, 2012.0]>",3,"<[2010.0, 2]; [2011.0, 5]; [2012.0, 5]>",35,17,52,4,0.493421,0.535,0.000049,12,0.001505835,0.022675394,,,,
232,file_sharing,"<[2010.0, 2011.0, 2012.0]>",5,"<[2010.0, 3]; [2011.0, 3]; [2012.0, 8]>",17,34,51,4,0.483313,0.517903,0.000141,14,0.001291037,0.016667753,,,,
137,coupons,"<[2010.0, 2011.0, 2012.0]>",4,"<[2010.0, 6]; [2011.0, 8]; [2012.0, 7]>",8,43,51,5,0.49177,0.525872,0.000049,21,0.006542056,0.427984977,,,,
461,privacy,"<[2010.0, 2011.0, 2012.0]>",5,"<[2010.0, 17]; [2011.0, 21]; [2012.0, 9]>",40,11,51,4,0.47432,0.5069,0.000445,47,0.004334194,0.187852378,,,,
128,content_creators,"<[2010.0, 2011.0, 2012.0]>",3,"<[2010.0, 1]; [2011.0, 3]; [2012.0, 4]>",12,39,51,4,0.482686,0.516667,0.000139,8,0.00100389,0.010077953,,,,
534,skill_assessment,"<[2010.0, 2011.0, 2012.0]>",5,"<[2010.0, 14]; [2011.0, 27]; [2012.0, 19]>",42,9,51,3,0.475936,0.516854,0.000069,60,0.005533014,0.3061424,,,,
400,natural_resources,"<[2010.0, 2011.0, 2012.0]>",0,"<[2010.0, 24]; [2011.0, 22]; [2012.0, 19]>",33,17,50,5,0.441379,0.492448,0.000098,65,0.005879692,0.345707833,,,,
587,transaction_processing,"<[2010.0, 2011.0, 2012.0]>",1,"<[2010.0, 4]; [2011.0, 8]; [2012.0, 5]>",48,2,50,4,0.4,0.462963,0.000015,17,0.004315816,0.186262694,,,,
483,quantum_computing,"<[2010.0, 2011.0, 2012.0]>",5,"<[2010.0, 12]; [2011.0, 6]; [2012.0, 5]>",38,12,50,4,0.477966,0.514184,0.000067,23,0.002120989,0.044985925,,,,
88,cleantech,"<[2010.0, 2011.0, 2012.0]>",0,"<[2010.0, 7]; [2011.0, 5]; [2012.0, 6]>",6,44,50,4,0.490584,0.522073,0.0004,18,0.001628223,0.026511086,,,,
155,data_mining,"<[2010.0, 2011.0, 2012.0]>",1,"<[2010.0, 5]; [2011.0, 7]; [2012.0, 5]>",10,40,50,4,0.502165,0.530891,0.000054,17,0.004315816,0.186262694,,,,
55,biopharma,"<[2010.0, 2011.0, 2012.0]>",2,"<[2010.0, 20]; [2011.0, 21]; [2012.0, 22]>",4,46,50,4,0.483784,0.517846,0.00008,63,0.017077799,2.91651214,,,,
250,fraud_detection,"<[2010.0, 2011.0, 2012.0]>",5,"<[2010.0, 5]; [2011.0, 10]; [2012.0, 6]>",27,23,50,4,0.48405,0.511223,0.000067,21,0.001936555,0.037502444,,,,
505,rfid,"<[2010.0, 2011.0, 2012.0]>",5,"<[2010.0, 9]; [2011.0, 10]; [2012.0, 4]>",40,9,49,4,0.469828,0.50841,0.000049,23,0.002120989,0.044985925,,,,
36,auctions,"<[2010.0, 2011.0, 2012.0]>",4,"<[2010.0, 1]; [2011.0, 8]; [2012.0, 5]>",4,45,49,4,0.491929,0.521157,0.000068,14,0.004361371,0.190215545,,,,
413,nutrition,"<[2010.0, 2011.0, 2012.0]>",2,"<[2010.0, 6]; [2011.0, 10]; [2012.0, 8]>",34,15,49,5,0.456471,0.496735,0.000687,24,0.006505828,0.423257998,,,,
95,cloud_storage,"<[2010.0, 2011.0, 2012.0]>",5,"<[2010.0, 7]; [2011.0, 8]; [2012.0, 8]>",10,39,49,4,0.488307,0.517401,0.000054,23,0.002120989,0.044985925,,,,
567,sustainability,"<[2010.0, 2011.0, 2012.0]>",0,"<[2010.0, 4]; [2011.0, 13]; [2012.0, 3]>",49,0,49,0,0,0,0,20,0.001809136,0.032729736,,,,
25,app_marketing,"<[2010.0, 2011.0, 2012.0]>",3,"<[2010.0, 2]; [2011.0, 9]; [2012.0, 4]>",6,43,49,4,0.478332,0.510114,0.000052,15,0.001882294,0.035430303,,,,
233,film,"<[2010.0, 2011.0, 2012.0]>",3,"<[2010.0, 12]; [2011.0, 7]; [2012.0, 5]>",17,32,49,4,0.490025,0.52078,0.00039,24,0.00301167,0.090701575,,,,
595,tv_production,"<[2010.0, 2011.0, 2012.0]>",3,"<[2010.0, 6]; [2011.0, 4]; [2012.0, 7]>",44,4,48,4,0.47619,0.530556,0.00002,17,0.002133266,0.045508256,,,,
94,cloud_security,"<[2010.0, 2011.0, 2012.0]>",5,"<[2010.0, 5]; [2011.0, 5]; [2012.0, 10]>",9,39,48,4,0.476321,0.509242,0.000028,20,0.001844338,0.034015822,,,,
571,technical_support,"<[2010.0, 2011.0, 2012.0]>",0,"<[2010.0, 6]; [2011.0, 10]; [2012.0, 4]>",42,5,47,4,0.469565,0.510802,0.00002,20,0.001809136,0.032729736,,,,
344,lending,"<[2010.0, 2011.0, 2012.0]>",1,"<[2010.0, 5]; [2011.0, 4]; [2012.0, 7]>",29,18,47,3,0.482014,0.50995,0.000066,16,0.004061945,0.164993944,,,,
513,satellite_communication,"<[2010.0, 2011.0, 2012.0]>",0,"<[2010.0, 8]; [2011.0, 15]; [2012.0, 3]>",35,12,47,4,0.482301,0.525229,0.000044,26,0.002351877,0.055313253,,,,
182,dsp,"<[2010.0, 2011.0, 2012.0]>",3,"<[2010.0, 6]; [2011.0, 4]; [2012.0, 3]>",13,34,47,4,0.49481,0.523116,0.000065,13,0.001631321,0.026612094,,,,
441,personalization,"<[2011.0, 2012.0]>",3,"<[2011.0, 4]; [2012.0, 3]>",31,15,46,4,0.479495,0.519737,0.000047,7,0.000878404,0.007715933,,,,
258,furniture,"<[2010.0, 2011.0, 2012.0]>",0,"<[2010.0, 4]; [2011.0, 16]; [2012.0, 7]>",16,30,46,3,0.5,0.528169,0.000104,27,0.002442334,0.059649943,,,,
185,e-learning,"<[2010.0, 2011.0, 2012.0]>",1,"<[2010.0, 11]; [2011.0, 12]; [2012.0, 6]>",7,39,46,4,0.494869,0.52669,0.000065,29,0.007362275,0.542030886,,,,
479,public_transportation,"<[2010.0, 2011.0, 2012.0]>",0,"<[2010.0, 8]; [2011.0, 5]; [2012.0, 7]>",33,13,46,4,0.459283,0.502364,0.000121,20,0.001809136,0.032729736,,,,
364,mapping_services,"<[2010.0, 2011.0, 2012.0]>",5,"<[2010.0, 2]; [2011.0, 6]; [2012.0, 5]>",26,20,46,4,0.468401,0.50463,0.000059,13,0.00119882,0.014371685,,,,
8,advanced_materials,"<[2010.0, 2011.0, 2012.0]>",0,"<[2010.0, 9]; [2011.0, 13]; [2012.0, 11]>",0,46,46,5,0.467643,0.503624,0,33,0.002985075,0.089106705,,,,
550,social_media_management,"<[2010.0, 2011.0, 2012.0]>",3,"<[2010.0, 2]; [2011.0, 6]; [2012.0, 6]>",38,6,44,4,0.476744,0.509146,0.000037,14,0.001756808,0.03086373,,,,
583,toys,"<[2010.0, 2011.0, 2012.0]>",3,"<[2010.0, 3]; [2011.0, 5]; [2012.0, 4]>",41,3,44,3,0.479167,0.528986,0.000029,12,0.001505835,0.022675394,,,,
611,video_on_demand,"<[2010.0, 2011.0, 2012.0]>",3,"<[2010.0, 3]; [2011.0, 4]; [2012.0, 3]>",39,4,43,3,0.6,0.703704,0.000006,10,0.001254863,0.015746801,,,,
527,shipping,"<[2010.0, 2011.0, 2012.0]>",4,"<[2010.0, 3]; [2011.0, 5]; [2012.0, 8]>",37,6,43,5,0.421296,0.462821,0.000051,16,0.004984424,0.248444794,,,,
569,task_management,"<[2010.0, 2011.0, 2012.0]>",0,"<[2010.0, 1]; [2011.0, 7]; [2012.0, 9]>",41,2,43,4,0.428571,0.484127,0.000007,17,0.001537766,0.023647234,,,,
561,sporting_goods,"<[2010.0, 2011.0, 2012.0]>",4,"<[2010.0, 7]; [2011.0, 10]; [2012.0, 9]>",35,8,43,6,0.426471,0.500575,0.00007,26,0.008099688,0.656049534,,,,
627,wealth_management,"<[2010.0, 2011.0, 2012.0]>",1,"<[2010.0, 7]; [2011.0, 6]; [2012.0, 16]>",42,0,42,0,0,0,0,29,0.007362275,0.542030886,,,,
302,image_recognition,"<[2010.0, 2011.0, 2012.0]>",3,"<[2010.0, 3]; [2011.0, 5]; [2012.0, 3]>",18,24,42,3,0.49464,0.521156,0.000019,11,0.001380349,0.01905363,,,,
330,jewelry,"<[2010.0, 2011.0, 2012.0]>",4,"<[2010.0, 4]; [2011.0, 11]; [2012.0, 8]>",21,21,42,4,0.463934,0.5,0.000187,23,0.007165109,0.513387875,,,,
85,civil_engineering,"<[2010.0, 2011.0, 2012.0]>",0,"<[2010.0, 15]; [2011.0, 28]; [2012.0, 23]>",2,40,42,4,0.486461,0.516795,0.000011,66,0.005970149,0.356426821,,,,
338,lead_generation,"<[2010.0, 2011.0, 2012.0]>",3,"<[2010.0, 5]; [2011.0, 2]; [2012.0, 3]>",25,17,42,5,0.447934,0.4869,0.000036,10,0.001254863,0.015746801,,,,
547,social_impact,"<[2010.0, 2011.0, 2012.0]>",3,"<[2010.0, 3]; [2011.0, 7]; [2012.0, 2]>",34,7,41,4,0.483333,0.516284,0.000043,12,0.001505835,0.022675394,,,,
146,crowdfunding,"<[2010.0, 2011.0, 2012.0]>",1,"<[2010.0, 4]; [2011.0, 1]; [2012.0, 7]>",13,28,41,4,0.483766,0.510067,0.000034,12,0.003046458,0.092809093,,,,
626,water_purification,"<[2010.0, 2011.0, 2012.0]>",0,"<[2010.0, 7]; [2011.0, 6]; [2012.0, 5]>",41,0,41,0,0,0,0,18,0.001628223,0.026511086,,,,
397,nanotechnology,"<[2010.0, 2011.0, 2012.0]>",0,"<[2010.0, 6]; [2011.0, 6]; [2012.0, 4]>",32,9,41,4,0.420103,0.458589,0.000044,16,0.001447309,0.020947031,,,,
260,gamification,"<[2010.0, 2011.0, 2012.0]>",3,"<[2010.0, 5]; [2011.0, 3]; [2012.0, 6]>",9,32,41,4,0.499312,0.529155,0.000068,14,0.001756808,0.03086373,,,,
265,gift_card,"<[2010.0, 2011.0, 2012.0]>",3,"<[2010.0, 2]; [2011.0, 6]; [2012.0, 3]>",15,26,41,3,0.496904,0.524922,0.000301,11,0.001380349,0.01905363,,,,
416,online_auctions,"<[2010.0, 2011.0, 2012.0]>",4,"<[2010.0, 2]; [2011.0, 5]; [2012.0, 5]>",28,12,40,4,0.458333,0.493845,0.000134,12,0.003738318,0.139750197,,,,
436,pc_games,"<[2010.0, 2011.0, 2012.0]>",3,"<[2010.0, 3]; [2011.0, 7]; [2012.0, 9]>",30,10,40,4,0.429429,0.472028,0.000859,19,0.002384239,0.056845953,,,,
124,consumer_reviews,"<[2010.0, 2011.0, 2012.0]>",3,"<[2010.0, 2]; [2011.0, 3]; [2012.0, 1]>",8,32,40,5,0.483316,0.512448,0.000016,6,0.000752918,0.005668848,,,,
458,price_comparison,"<[2010.0, 2011.0, 2012.0]>",4,"<[2010.0, 3]; [2011.0, 4]; [2012.0, 5]>",29,11,40,4,0.446328,0.486287,0.000168,12,0.003738318,0.139750197,,,,
204,employment,"<[2010.0, 2011.0, 2012.0]>",1,"<[2010.0, 6]; [2011.0, 7]; [2012.0, 8]>",13,27,40,4,0.488152,0.513956,0.000102,21,0.005331302,0.284227849,,,,
578,therapeutics,"<[2010.0, 2011.0, 2012.0]>",2,"<[2010.0, 29]; [2011.0, 21]; [2012.0, 20]>",36,4,40,4,0.425926,0.51087,0.000036,70,0.018975332,3.600632271,,,,
291,homeland_security,"<[2010.0, 2011.0, 2012.0]>",5,"<[2010.0, 17]; [2011.0, 18]; [2012.0, 11]>",16,23,39,5,0.481322,0.510796,0.000096,46,0.004241977,0.1799437,,,,
7,ad_targeting,"<[2010.0, 2011.0, 2012.0]>",3,"<[2010.0, 4]; [2011.0, 1]; [2012.0, 4]>",1,38,39,5,0.479084,0.507468,0.000021,9,0.001129376,0.012754909,,,,
129,content_delivery_network,"<[2010.0, 2011.0, 2012.0]>",3,"<[2010.0, 1]; [2011.0, 4]; [2012.0, 4]>",5,34,39,4,0.487856,0.516955,0.000029,9,0.001129376,0.012754909,,,,
366,marine_transportation,"<[2010.0, 2011.0, 2012.0]>",0,"<[2010.0, 6]; [2011.0, 4]; [2012.0, 2]>",22,17,39,4,0.442708,0.481046,0.000891,12,0.001085482,0.011782705,,,,
285,home_and_garden,"<[2010.0, 2011.0, 2012.0]>",4,"<[2010.0, 1]; [2011.0, 2]; [2012.0, 9]>",17,22,39,5,0.489146,0.515631,0.000182,12,0.003738318,0.139750197,,,,
211,enterprise_resource_planning_(erp),"<[2010.0, 2011.0, 2012.0]>",5,"<[2010.0, 3]; [2011.0, 8]; [2012.0, 6]>",16,23,39,4,0.47641,0.502214,0.000038,17,0.001567687,0.024576432,,,,
64,building_maintenance,"<[2010.0, 2011.0, 2012.0]>",0,"<[2010.0, 10]; [2011.0, 4]; [2012.0, 11]>",1,38,39,4,0.481414,0.511299,0.000006,25,0.00226142,0.051140212,,,,
519,semantic_search,"<[2010.0, 2011.0, 2012.0]>",3,"<[2010.0, 2]; [2011.0, 2]; [2012.0, 4]>",30,9,39,4,0.464789,0.508418,0.000036,8,0.00100389,0.010077953,,,,
259,gambling,"<[2010.0, 2011.0, 2012.0]>",3,"<[2010.0, 10]; [2011.0, 6]; [2012.0, 9]>",12,27,39,4,0.497268,0.523352,0.00059,25,0.003137156,0.098417508,,,,
173,digital_signage,"<[2010.0, 2011.0, 2012.0]>",3,"<[2010.0, 3]; [2011.0, 7]; [2012.0, 6]>",12,26,38,4,0.489819,0.513279,0.000055,16,0.00200778,0.040311811,,,,
486,real_estate_investment,"<[2010.0, 2011.0, 2012.0]>",1,"<[2010.0, 5]; [2011.0, 6]; [2012.0, 2]>",32,6,38,4,0.453901,0.482422,0.000061,13,0.00330033,0.108921783,,,,
565,subscription_service,"<[2010.0, 2011.0, 2012.0]>",3,"<[2010.0, 2]; [2011.0, 1]; [2012.0, 7]>",31,7,38,5,0.444444,0.510256,0.000019,10,0.001254863,0.015746801,,,,
337,law_enforcement,"<[2010.0, 2011.0, 2012.0]>",5,"<[2010.0, 2]; [2011.0, 3]; [2012.0, 6]>",20,17,37,4,0.460504,0.492701,0.000052,11,0.001014386,0.010289786,,,,
462,private_cloud,"<[2010.0, 2011.0, 2012.0]>",5,"<[2010.0, 4]; [2011.0, 3]; [2012.0, 3]>",32,5,37,4,0.464286,0.489316,0.000009,10,0.000922169,0.008503956,,,,
499,residential,"<[2010.0, 2011.0, 2012.0]>",0,"<[2010.0, 5]; [2011.0, 12]; [2012.0, 9]>",32,5,37,4,0.453901,0.479818,0.000026,26,0.002351877,0.055313253,,,,
86,classifieds,"<[2010.0, 2011.0, 2012.0]>",3,"<[2010.0, 2]; [2011.0, 3]; [2012.0, 3]>",6,31,37,4,0.48468,0.509738,0.000136,8,0.00100389,0.010077953,,,,
276,group_buying,"<[2010.0, 2011.0, 2012.0]>",4,"<[2010.0, 2]; [2011.0, 7]; [2012.0, 3]>",15,21,36,3,0.489985,0.515199,0.000048,12,0.003738318,0.139750197,,,,
147,crowdsourcing,"<[2010.0, 2011.0, 2012.0]>",4,"<[2010.0, 3]; [2011.0, 2]; [2012.0, 3]>",7,29,36,5,0.475719,0.504236,0.000039,8,0.002492212,0.062111198,,,,
549,social_media_advertising,"<[2010.0, 2011.0, 2012.0]>",3,"<[2010.0, 2]; [2011.0, 4]; [2012.0, 5]>",31,5,36,4,0.463687,0.49498,0.000082,11,0.001380349,0.01905363,,,,
203,employee_benefits,"<[2010.0, 2011.0, 2012.0]>",1,"<[2010.0, 14]; [2011.0, 24]; [2012.0, 25]>",9,27,36,4,0.467195,0.499798,0.000053,63,0.015993907,2.558050638,,,,
54,biometrics,"<[2010.0, 2011.0, 2012.0]>",0,"<[2010.0, 5]; [2011.0, 6]; [2012.0, 10]>",1,35,36,4,0.478183,0.506828,0.000007,21,0.001899593,0.036084534,,,,
226,farming,"<[2010.0, 2011.0, 2012.0]>",0,"<[2010.0, 5]; [2011.0, 15]; [2012.0, 12]>",9,27,36,4,0.467609,0.50021,0.000491,32,0.002894618,0.083788123,,,,
241,flash_storage,"<[2010.0, 2011.0, 2012.0]>",5,"<[2010.0, 3]; [2011.0, 2]; [2012.0, 6]>",16,20,36,3,0.488981,0.511268,0.000018,11,0.001014386,0.010289786,,,,
31,art,"<[2010.0, 2011.0, 2012.0]>",3,"<[2010.0, 5]; [2011.0, 4]; [2012.0, 1]>",0,36,36,5,0.453333,0.491321,0,10,0.001254863,0.015746801,,,,
50,billing,"<[2010.0, 2011.0, 2012.0]>",1,"<[2010.0, 4]; [2011.0, 4]; [2012.0, 3]>",3,33,36,4,0.479464,0.506828,0.000012,11,0.002792587,0.077985419,,,,
608,video_conferencing,"<[2010.0, 2011.0, 2012.0]>",3,"<[2010.0, 2]; [2011.0, 4]; [2012.0, 7]>",32,3,35,3,0.529412,0.62963,0.000005,13,0.001631321,0.026612094,,,,
222,facility_management,"<[2010.0, 2011.0, 2012.0]>",0,"<[2010.0, 5]; [2011.0, 9]; [2012.0, 7]>",13,22,35,4,0.474968,0.502703,0.000181,21,0.001899593,0.036084534,,,,
439,personal_finance,"<[2010.0, 2011.0, 2012.0]>",1,"<[2010.0, 4]; [2011.0, 5]; [2012.0, 5]>",25,10,35,4,0.446575,0.484663,0.000077,14,0.003554202,0.126323488,,,,
163,delivery_service,"<[2010.0, 2011.0, 2012.0]>",4,"<[2010.0, 3]; [2011.0, 4]; [2012.0, 2]>",11,24,35,4,0.484816,0.507644,0.000033,9,0.002803738,0.078609486,,,,
282,health_insurance,"<[2010.0, 2011.0, 2012.0]>",2,"<[2010.0, 9]; [2011.0, 6]; [2012.0, 11]>",14,21,35,4,0.464578,0.495601,0.000057,26,0.00704798,0.496740289,,,,
358,loyalty_programs,"<[2010.0, 2011.0, 2012.0]>",3,"<[2010.0, 2]; [2011.0, 4]; [2012.0, 4]>",19,16,35,4,0.459854,0.492725,0.000025,10,0.001254863,0.015746801,,,,
564,stock_exchanges,"<[2010.0, 2011.0, 2012.0]>",1,"<[2010.0, 3]; [2011.0, 5]; [2012.0, 8]>",31,3,34,4,0.417722,0.472222,0.000021,16,0.004061945,0.164993944,,,,
354,local_business,"<[2010.0, 2011.0, 2012.0]>",2,"<[2010.0, 4]; [2011.0, 3]; [2012.0, 2]>",21,13,34,4,0.464088,0.492063,0.000074,9,0.002439686,0.059520656,,,,
263,geospatial,"<[2010.0, 2011.0, 2012.0]>",5,"<[2010.0, 3]; [2011.0, 3]; [2012.0, 5]>",10,24,34,4,0.460645,0.495331,0.000012,11,0.001014386,0.010289786,,,,
340,leasing,"<[2010.0, 2011.0, 2012.0]>",0,"<[2010.0, 2]; [2011.0, 5]; [2012.0, 2]>",16,18,34,4,0.483245,0.510645,0.000021,9,0.000814111,0.006627771,,,,
274,greentech,"<[2010.0, 2011.0, 2012.0]>",0,"<[2010.0, 1]; [2011.0, 1]; [2012.0, 6]>",14,20,34,3,0.465955,0.494747,0.000067,8,0.000723654,0.005236758,,,,
288,home_improvement,"<[2010.0, 2011.0, 2012.0]>",4,"<[2010.0, 2]; [2011.0, 3]; [2012.0, 7]>",21,13,34,5,0.464632,0.488408,0.000089,12,0.003738318,0.139750197,,,,
290,home_services,"<[2010.0, 2011.0, 2012.0]>",4,"<[2010.0, 5]; [2011.0, 4]; [2012.0, 4]>",18,16,34,4,0.461219,0.488989,0.00012,13,0.004049844,0.164012383,,,,
119,consumer_applications,"<[2011.0, 2012.0]>",0,"<[2011.0, 12]; [2012.0, 4]>",6,28,34,4,0.462894,0.492318,0.00027,16,0.001447309,0.020947031,,,,
289,home_renovation,"<[2011.0, 2012.0]>",4,"<[2011.0, 3]; [2012.0, 7]>",19,14,33,3,0.487294,0.505624,0.000069,10,0.003115265,0.097048748,,,,
269,govtech,"<[2010.0, 2011.0, 2012.0]>",5,"<[2010.0, 4]; [2011.0, 1]; [2012.0, 8]>",16,17,33,4,0.484722,0.505969,0.000022,13,0.00119882,0.014371685,,,,
640,wine_and_spirits,"<[2010.0, 2011.0, 2012.0]>",4,"<[2010.0, 4]; [2011.0, 8]; [2012.0, 6]>",32,1,33,1,1,1,0.001051,18,0.005607477,0.314437942,,,,
365,marine_technology,"<[2010.0, 2011.0, 2012.0]>",0,"<[2010.0, 3]; [2011.0, 3]; [2012.0, 5]>",18,15,33,4,0.438356,0.474609,0.000034,11,0.000995025,0.009900745,,,,
376,meeting_software,"<[2010.0, 2011.0, 2012.0]>",5,"<[2010.0, 1]; [2011.0, 4]; [2012.0, 2]>",17,16,33,4,0.460922,0.496014,0.000022,7,0.000645518,0.004166938,,,,
448,plastics_and_rubber_manufacturing,"<[2010.0, 2011.0, 2012.0]>",0,"<[2010.0, 9]; [2011.0, 9]; [2012.0, 15]>",27,6,33,5,0.390361,0.431276,0.000028,33,0.002985075,0.089106705,,,,
262,genetics,"<[2010.0, 2011.0, 2012.0]>",2,"<[2010.0, 15]; [2011.0, 8]; [2012.0, 15]>",13,20,33,3,0.49169,0.513146,0.000095,38,0.010300895,1.061084286,,,,
474,property_insurance,"<[2010.0, 2011.0, 2012.0]>",1,"<[2010.0, 4]; [2011.0, 10]; [2012.0, 7]>",27,6,33,5,0.405172,0.438771,0.000016,21,0.005331302,0.284227849,,,,
169,dietary_supplements,"<[2010.0, 2011.0, 2012.0]>",2,"<[2010.0, 3]; [2011.0, 9]; [2012.0, 9]>",7,25,32,4,0.483243,0.507271,0.000023,21,0.0056926,0.324056904,,,,
467,product_research,"<[2010.0, 2011.0, 2012.0]>",0,"<[2010.0, 7]; [2011.0, 5]; [2012.0, 7]>",25,7,32,4,0.409922,0.444798,0.000109,19,0.001718679,0.029538586,,,,
331,journalism,"<[2010.0, 2011.0, 2012.0]>",3,"<[2010.0, 2]; [2011.0, 3]; [2012.0, 3]>",12,20,32,4,0.45,0.49041,0.000027,8,0.00100389,0.010077953,,,,
321,intelligent_systems,"<[2010.0, 2011.0, 2012.0]>",5,"<[2010.0, 1]; [2011.0, 5]; [2012.0, 2]>",17,15,32,4,0.461794,0.491607,0.000309,8,0.000737735,0.005442532,,,,
444,photo_editing,"<[2010.0, 2011.0, 2012.0]>",3,"<[2010.0, 1]; [2011.0, 4]; [2012.0, 5]>",21,11,32,4,0.446746,0.486755,0.000039,10,0.001254863,0.015746801,,,,
454,power_grid,"<[2010.0, 2011.0, 2012.0]>",0,"<[2010.0, 2]; [2011.0, 5]; [2012.0, 3]>",24,7,31,5,0.382789,0.423385,0.000017,10,0.000904568,0.008182434,,,,
89,clinical_trials,"<[2010.0, 2011.0, 2012.0]>",2,"<[2010.0, 10]; [2011.0, 14]; [2012.0, 11]>",8,23,31,4,0.472398,0.495849,0.000072,35,0.009487666,0.900158068,,,,
272,graphic_design,"<[2010.0, 2011.0, 2012.0]>",3,"<[2010.0, 4]; [2011.0, 3]; [2012.0, 3]>",14,17,31,3,0.482963,0.505624,0.000034,10,0.001254863,0.015746801,,,,
136,cosmetics,"<[2010.0, 2011.0, 2012.0]>",4,"<[2010.0, 14]; [2011.0, 1]; [2012.0, 10]>",6,24,30,4,0.474019,0.499814,0.000005,25,0.007788162,0.606554672,,,,
144,credit_cards,"<[2010.0, 2011.0, 2012.0]>",1,"<[2010.0, 4]; [2011.0, 5]; [2012.0, 5]>",6,24,30,4,0.463977,0.491718,0.000019,14,0.003554202,0.126323488,,,,
39,auto_insurance,"<[2010.0, 2011.0, 2012.0]>",1,"<[2010.0, 6]; [2011.0, 6]; [2012.0, 8]>",1,29,30,4,0.454689,0.484547,0.000018,20,0.005077431,0.257803037,,,,
82,child_care,"<[2010.0, 2011.0, 2012.0]>",4,"<[2010.0, 3]; [2011.0, 4]; [2012.0, 4]>",3,27,30,4,0.466483,0.494259,0.000091,11,0.003426791,0.117428985,,,,
235,film_production,"<[2010.0, 2011.0, 2012.0]>",3,"<[2010.0, 4]; [2011.0, 4]; [2012.0, 1]>",11,19,30,5,0.438936,0.474839,0.000183,9,0.001129376,0.012754909,,,,
242,fleet_management,"<[2010.0, 2011.0, 2012.0]>",0,"<[2010.0, 5]; [2011.0, 6]; [2012.0, 3]>",10,20,30,4,0.45911,0.491667,0.000025,14,0.001266395,0.01603757,,,,
591,travel_accommodations,"<[2010.0, 2011.0, 2012.0]>",4,"<[2010.0, 3]; [2011.0, 4]; [2012.0, 7]>",29,1,30,1,1,1,0.000025,14,0.004361371,0.190215545,,,,
395,music_streaming,"<[2010.0, 2012.0]>",3,"<[2010.0, 1]; [2012.0, 5]>",23,7,30,4,0.457143,0.48763,0.000015,6,0.000752918,0.005668848,,,,
644,women's,"<[2010.0, 2011.0, 2012.0]>",4,"<[2010.0, 5]; [2011.0, 4]; [2012.0, 2]>",30,0,30,0,0,0,0,11,0.003426791,0.117428985,,,,
237,financial_exchanges,"<[2010.0, 2011.0, 2012.0]>",1,"<[2010.0, 5]; [2011.0, 6]; [2012.0, 4]>",10,20,30,4,0.475091,0.5,0.000011,15,0.003808073,0.145014208,,,,
41,autonomous_vehicles,"<[2010.0, 2011.0, 2012.0]>",0,"<[2010.0, 4]; [2011.0, 2]; [2012.0, 3]>",4,25,29,4,0.4419,0.473129,0.000019,9,0.000814111,0.006627771,,,,
199,embedded_software,"<[2010.0, 2011.0, 2012.0]>",5,"<[2010.0, 2]; [2011.0, 3]; [2012.0, 1]>",10,19,29,4,0.446927,0.477917,0.000075,6,0.000553301,0.003061424,,,,
125,consumer_software,"<[2010.0, 2011.0, 2012.0]>",5,"<[2010.0, 5]; [2011.0, 2]; [2012.0, 1]>",3,26,29,4,0.470238,0.498066,0.000066,8,0.000737735,0.005442532,,,,
81,chemical_engineering,"<[2010.0, 2011.0, 2012.0]>",0,"<[2010.0, 5]; [2011.0, 6]; [2012.0, 8]>",5,24,29,4,0.455357,0.484804,0.000005,19,0.001718679,0.029538586,,,,
76,casual_games,"<[2010.0, 2011.0, 2012.0]>",3,"<[2010.0, 4]; [2011.0, 2]; [2012.0, 3]>",3,26,29,4,0.438732,0.471842,0.000111,9,0.001129376,0.012754909,,,,
539,sms,"<[2010.0, 2011.0, 2012.0]>",3,"<[2010.0, 3]; [2011.0, 4]; [2012.0, 3]>",20,9,29,4,0.490446,0.53355,0.000024,10,0.001254863,0.015746801,,,,
70,cad,"<[2010.0, 2011.0, 2012.0]>",5,"<[2010.0, 4]; [2011.0, 4]; [2012.0, 3]>",4,25,29,4,0.487156,0.507376,0.000006,11,0.001014386,0.010289786,,,,
307,indoor_positioning,"<[2010.0, 2011.0, 2012.0]>",5,"<[2010.0, 8]; [2011.0, 1]; [2012.0, 6]>",11,18,29,3,0.478261,0.503657,0.000105,15,0.001383253,0.0191339,,,,
445,photo_sharing,"<[2010.0, 2011.0, 2012.0]>",3,"<[2010.0, 2]; [2011.0, 2]; [2012.0, 4]>",18,11,29,4,0.467492,0.502208,0.000014,8,0.00100389,0.010077953,,,,
466,product_management,"<[2010.0, 2011.0, 2012.0]>",0,"<[2010.0, 2]; [2011.0, 6]; [2012.0, 8]>",22,7,29,4,0.436111,0.468153,0.000005,16,0.001447309,0.020947031,,,,
431,paper_manufacturing,"<[2010.0, 2011.0, 2012.0]>",0,"<[2010.0, 11]; [2011.0, 9]; [2012.0, 13]>",22,7,29,5,0.417127,0.452208,0.000066,33,0.002985075,0.089106705,,,,
194,electronic_design_automation_(eda),"<[2010.0, 2011.0, 2012.0]>",5,"<[2010.0, 14]; [2011.0, 9]; [2012.0, 7]>",5,23,28,4,0.477197,0.502137,0.00002,30,0.002766507,0.0765356,,,,
254,fuel,"<[2010.0, 2011.0, 2012.0]>",0,"<[2010.0, 4]; [2011.0, 11]; [2012.0, 8]>",12,16,28,4,0.467143,0.493374,0.00013,23,0.002080507,0.043285075,,,,
175,direct_sales,"<[2010.0, 2011.0]>",4,"<[2010.0, 3]; [2011.0, 2]>",6,22,28,4,0.485939,0.507716,0.000043,5,0.001557632,0.024262187,,,,
283,hedge_funds,"<[2010.0, 2011.0, 2012.0]>",1,"<[2010.0, 4]; [2011.0, 5]; [2012.0, 2]>",12,16,28,4,0.47392,0.49869,0.000019,11,0.002792587,0.077985419,,,,
421,operating_systems,"<[2010.0, 2011.0, 2012.0]>",5,"<[2010.0, 4]; [2011.0, 2]; [2012.0, 3]>",19,9,28,4,0.413462,0.454457,0.000062,9,0.000829952,0.006888204,,,,
426,outdoors,"<[2010.0, 2011.0, 2012.0]>",4,"<[2010.0, 3]; [2011.0, 3]; [2012.0, 1]>",19,9,28,5,0.408759,0.447619,0.000116,7,0.002180685,0.047553886,,,,
192,electric_vehicle,"<[2010.0, 2011.0, 2012.0]>",0,"<[2010.0, 3]; [2011.0, 4]; [2012.0, 4]>",12,16,28,4,0.433333,0.461733,0.000052,11,0.000995025,0.009900745,,,,
381,mineral,"<[2010.0, 2011.0, 2012.0]>",0,"<[2010.0, 8]; [2011.0, 9]; [2012.0, 18]>",14,14,28,5,0.418651,0.46643,0.000028,35,0.003165988,0.100234815,,,,
383,mining_technology,"<[2010.0, 2011.0, 2012.0]>",0,"<[2010.0, 10]; [2011.0, 18]; [2012.0, 22]>",19,9,28,4,0.417373,0.4522,0.000027,50,0.00452284,0.204560848,,,,
97,coffee,"<[2010.0, 2011.0, 2012.0]>",4,"<[2010.0, 4]; [2011.0, 6]; [2012.0, 7]>",3,24,27,4,0.4566,0.484488,0.000016,17,0.00529595,0.280470881,,,,
79,charity,"<[2010.0, 2011.0, 2012.0]>",3,"<[2010.0, 1]; [2011.0, 3]; [2012.0, 1]>",2,25,27,4,0.472961,0.497255,0.000008,5,0.000627431,0.0039367,,,,
200,embedded_systems,"<[2010.0, 2011.0, 2012.0]>",3,"<[2010.0, 9]; [2011.0, 4]; [2012.0, 1]>",12,15,27,4,0.465879,0.489906,0.000009,14,0.001756808,0.03086373,,,,
334,language_learning,"<[2010.0, 2011.0, 2012.0]>",5,"<[2010.0, 2]; [2011.0, 2]; [2012.0, 2]>",15,12,27,4,0.450407,0.478339,0.000092,6,0.000553301,0.003061424,,,,
482,quality_assurance,"<[2010.0, 2011.0, 2012.0]>",0,"<[2010.0, 2]; [2011.0, 6]; [2012.0, 5]>",23,4,27,5,0.422442,0.451432,0.000027,13,0.001175938,0.013828313,,,,
5,ad_retargeting,"<[2010.0, 2012.0]>",3,"<[2010.0, 2]; [2012.0, 3]>",1,26,27,5,0.460955,0.487171,0.000005,5,0.000627431,0.0039367,,,,
628,wearables,"<[2010.0, 2011.0, 2012.0]>",4,"<[2010.0, 4]; [2011.0, 2]; [2012.0, 2]>",26,1,27,3,0.5,0.555556,0.000006,8,0.002492212,0.062111198,,,,
83,children,"<[2010.0, 2011.0, 2012.0]>",4,"<[2010.0, 1]; [2011.0, 3]; [2012.0, 2]>",1,26,27,4,0.466247,0.492921,0.000047,6,0.001869159,0.034937549,,,,
544,social_bookmarking,"<[2010.0, 2011.0, 2012.0]>",3,"<[2010.0, 2]; [2011.0, 2]; [2012.0, 1]>",21,6,27,4,0.47561,0.509615,0.000013,5,0.000627431,0.0039367,,,,
77,catering,"<[2010.0, 2011.0, 2012.0]>",4,"<[2010.0, 4]; [2011.0, 5]; [2012.0, 2]>",3,23,26,4,0.464764,0.490883,0.000006,11,0.003426791,0.117428985,,,,
399,natural_language_processing,"<[2010.0, 2011.0, 2012.0]>",3,"<[2010.0, 3]; [2011.0, 1]; [2012.0, 2]>",16,10,26,5,0.408759,0.45754,0.000038,6,0.000752918,0.005668848,,,,
134,corporate_training,"<[2010.0, 2011.0, 2012.0]>",1,"<[2010.0, 2]; [2011.0, 1]; [2012.0, 3]>",2,24,26,4,0.482201,0.505966,0.000015,6,0.001523229,0.023202273,,,,
220,facebook,"<[2010.0, 2012.0]>",3,"<[2010.0, 1]; [2012.0, 2]>",10,16,26,3,0.47181,0.496855,0.000005,3,0.000376459,0.001417212,,,,
599,ux_design,"<[2010.0, 2012.0]>",5,"<[2010.0, 1]; [2012.0, 4]>",24,2,26,2,0.6,0.666667,0.000013,5,0.000461084,0.002125989,,,,
228,fast-moving_consumer_goods,"<[2010.0, 2011.0, 2012.0]>",4,"<[2010.0, 3]; [2011.0, 7]; [2012.0, 1]>",9,16,25,4,0.474903,0.49729,0.000023,11,0.003426791,0.117428985,,,,
406,nfc,"<[2010.0, 2011.0, 2012.0]>",5,"<[2010.0, 3]; [2011.0, 2]; [2012.0, 2]>",17,8,25,4,0.435233,0.469246,0.000009,7,0.000645518,0.004166938,,,,
404,neuroscience,"<[2010.0, 2011.0]>",2,"<[2010.0, 2]; [2011.0, 3]>",16,9,25,4,0.416459,0.454591,0.000075,5,0.001355381,0.018370573,,,,
339,lead_management,"<[2010.0, 2011.0, 2012.0]>",3,"<[2010.0, 1]; [2011.0, 1]; [2012.0, 3]>",14,11,25,4,0.456522,0.483135,0.000004,5,0.000627431,0.0039367,,,,
26,application_performance_management,"<[2010.0, 2011.0]>",5,"<[2010.0, 5]; [2011.0, 1]>",3,22,25,4,0.451737,0.477778,0.000048,6,0.000553301,0.003061424,,,,
588,translation_service,"<[2010.0, 2011.0, 2012.0]>",5,"<[2010.0, 3]; [2011.0, 2]; [2012.0, 1]>",25,0,25,0,0,0,0,6,0.000553301,0.003061424,,,,
606,video_advertising,"<[2010.0, 2011.0, 2012.0]>",3,"<[2010.0, 1]; [2011.0, 2]; [2012.0, 2]>",23,2,25,3,0.423077,0.5,0.000116,5,0.000627431,0.0039367,,,,
380,military,"<[2010.0, 2011.0]>",0,"<[2010.0, 3]; [2011.0, 3]>",16,8,24,5,0.391555,0.426634,0.000011,6,0.000542741,0.002945676,,,,
553,social_news,"<[2010.0, 2011.0, 2012.0]>",3,"<[2010.0, 1]; [2011.0, 3]; [2012.0, 2]>",22,2,24,4,0.461078,0.481602,0.000006,6,0.000752918,0.005668848,,,,
538,smart_home,"<[2010.0, 2011.0, 2012.0]>",0,"<[2010.0, 2]; [2011.0, 3]; [2012.0, 2]>",23,1,24,4,0.452941,0.470779,0,7,0.000633198,0.004009393,,,,
305,incubators,"<[2010.0, 2012.0]>",3,"<[2010.0, 3]; [2012.0, 1]>",9,15,24,4,0.481818,0.503407,0.000025,4,0.000501945,0.002519488,,,,
113,concerts,"<[2011.0, 2012.0]>",3,"<[2011.0, 2]; [2012.0, 2]>",1,23,24,4,0.429553,0.4645,0.000149,4,0.000501945,0.002519488,,,,
342,legal_tech,"<[2011.0, 2012.0]>",5,"<[2011.0, 4]; [2012.0, 1]>",20,4,24,4,0.409756,0.434193,0.000008,5,0.000461084,0.002125989,,,,
270,gps,"<[2011.0, 2012.0]>",3,"<[2011.0, 2]; [2012.0, 4]>",6,17,23,6,0.467316,0.496379,0.000009,6,0.000752918,0.005668848,,,,
325,internet_radio,"<[2010.0, 2011.0, 2012.0]>",3,"<[2010.0, 1]; [2011.0, 1]; [2012.0, 1]>",12,11,23,3,0.476021,0.496891,0.000012,3,0.000376459,0.001417212,,,,
300,iaas,"<[2010.0, 2011.0, 2012.0]>",5,"<[2010.0, 2]; [2011.0, 2]; [2012.0, 4]>",8,15,23,3,0.47976,0.501563,0.000007,8,0.000737735,0.005442532,,,,
470,professional_networking,"<[2011.0, 2012.0]>",3,"<[2011.0, 3]; [2012.0, 4]>",14,9,23,4,0.446023,0.480892,0.000005,7,0.000878404,0.007715933,,,,
497,reputation,"<[2010.0, 2011.0]>",3,"<[2010.0, 2]; [2011.0, 3]>",13,10,23,4,0.460993,0.498718,0.000018,5,0.000627431,0.0039367,,,,
43,b2c,"<[2011.0, 2012.0]>",4,"<[2011.0, 2]; [2012.0, 1]>",3,20,23,4,0.467001,0.489267,0.00001,3,0.000934579,0.008734387,,,,
603,vertical_search,"<[2010.0, 2011.0]>",3,"<[2010.0, 1]; [2011.0, 2]>",22,1,23,2,0.666667,0.75,0.000028,3,0.000376459,0.001417212,,,,
249,franchise,"<[2010.0, 2012.0]>",4,"<[2010.0, 2]; [2012.0, 4]>",8,15,23,4,0.453552,0.481928,0.000059,6,0.001869159,0.034937549,,,,
379,mhealth,"<[2010.0, 2011.0, 2012.0]>",2,"<[2010.0, 4]; [2011.0, 9]; [2012.0, 3]>",17,6,23,4,0.435616,0.465409,0.000019,16,0.004337219,0.188114666,,,,
277,guides,"<[2011.0, 2012.0]>",3,"<[2011.0, 2]; [2012.0, 2]>",6,17,23,4,0.476119,0.501306,0.000016,4,0.000501945,0.002519488,,,,
126,contact_management,"<[2010.0, 2011.0, 2012.0]>",3,"<[2010.0, 3]; [2011.0, 2]; [2012.0, 2]>",5,18,23,4,0.464802,0.488071,0.000059,7,0.000878404,0.007715933,,,,
422,optical_communication,"<[2010.0, 2011.0, 2012.0]>",3,"<[2010.0, 4]; [2011.0, 2]; [2012.0, 3]>",17,6,23,5,0.409471,0.447506,0.000011,9,0.001129376,0.012754909,,,,
179,domain_registrar,"<[2010.0, 2012.0]>",5,"<[2010.0, 3]; [2012.0, 4]>",8,15,23,4,0.466597,0.487696,0.00002,7,0.000645518,0.004166938,,,,
327,isp,"<[2010.0, 2011.0, 2012.0]>",3,"<[2010.0, 1]; [2011.0, 3]; [2012.0, 1]>",10,13,23,4,0.476106,0.49969,0.000009,5,0.000627431,0.0039367,,,,
23,animal_feed,"<[2010.0, 2011.0, 2012.0]>",4,"<[2010.0, 1]; [2011.0, 7]; [2012.0, 5]>",2,21,23,4,0.461737,0.486344,0.000202,13,0.004049844,0.164012383,,,,
58,blockchain,"<[2011.0, 2012.0]>",1,"<[2011.0, 2]; [2012.0, 1]>",3,19,22,4,0.464161,0.486503,0.00001,3,0.000761615,0.005800568,,,,
112,computer_vision,"<[2010.0, 2011.0, 2012.0]>",5,"<[2010.0, 3]; [2011.0, 1]; [2012.0, 1]>",8,14,22,4,0.45049,0.47504,0.000015,5,0.000461084,0.002125989,,,,
560,speech_recognition,"<[2010.0, 2011.0]>",3,"<[2010.0, 3]; [2011.0, 2]>",21,1,22,5,0.4,0.430128,0.000001,5,0.000627431,0.0039367,,,,
437,peer_to_peer,"<[2010.0, 2011.0, 2012.0]>",4,"<[2010.0, 1]; [2011.0, 1]; [2012.0, 4]>",13,9,22,4,0.429003,0.46831,0.000225,6,0.001869159,0.034937549,,,,
138,courier_service,"<[2010.0, 2011.0, 2012.0]>",0,"<[2010.0, 3]; [2011.0, 5]; [2012.0, 5]>",4,18,22,5,0.469727,0.491927,0.000038,13,0.001175938,0.013828313,,,,
424,organic_food,"<[2011.0, 2012.0]>",4,"<[2011.0, 3]; [2012.0, 4]>",20,2,22,5,0.370861,0.398512,0.000032,7,0.002180685,0.047553886,,,,
332,knowledge_management,"<[2010.0, 2011.0, 2012.0]>",5,"<[2010.0, 4]; [2011.0, 1]; [2012.0, 1]>",15,7,22,4,0.401899,0.430446,0.000002,6,0.000553301,0.003061424,,,,
617,virtual_workforce,"<[2010.0, 2011.0, 2012.0]>",5,"<[2010.0, 1]; [2011.0, 2]; [2012.0, 3]>",22,0,22,0,0,0,0,6,0.000553301,0.003061424,,,,
63,browser_extensions,"<[2010.0, 2012.0]>",3,"<[2010.0, 1]; [2012.0, 2]>",5,17,22,4,0.442202,0.469053,0.00001,3,0.000376459,0.001417212,,,,
208,energy_storage,"<[2010.0, 2011.0, 2012.0]>",0,"<[2010.0, 4]; [2011.0, 3]; [2012.0, 2]>",9,13,22,4,0.455249,0.478358,0.000055,9,0.000814111,0.006627771,,,,
310,industrial_design,"<[2010.0, 2011.0, 2012.0]>",0,"<[2010.0, 2]; [2011.0, 3]; [2012.0, 2]>",13,9,22,3,0.46408,0.483488,0.000013,7,0.000633198,0.004009393,,,,
604,veterinary,"<[2010.0, 2011.0, 2012.0]>",2,"<[2010.0, 10]; [2011.0, 6]; [2012.0, 7]>",20,1,21,1,1,1,0.000002,23,0.006234752,0.388721321,,,,
451,point_of_sale,"<[2011.0, 2012.0]>",1,"<[2011.0, 3]; [2012.0, 2]>",16,5,21,4,0.469314,0.491667,0.000013,5,0.001269358,0.01611269,,,,
532,simulation,"<[2011.0, 2012.0]>",5,"<[2011.0, 3]; [2012.0, 2]>",17,4,21,4,0.461078,0.49026,0.000003,5,0.000461084,0.002125989,,,,
384,mmo_games,"<[2010.0, 2011.0]>",3,"<[2010.0, 2]; [2011.0, 2]>",12,9,21,4,0.436673,0.466089,0.000207,4,0.000501945,0.002519488,,,,
130,content_discovery,"<[2010.0, 2011.0, 2012.0]>",3,"<[2010.0, 1]; [2011.0, 5]; [2012.0, 3]>",4,17,21,4,0.452336,0.477101,0.000002,9,0.001129376,0.012754909,,,,
442,pet,"<[2010.0, 2011.0, 2012.0]>",4,"<[2010.0, 2]; [2011.0, 4]; [2012.0, 6]>",15,6,21,4,0.42602,0.457086,0.000024,12,0.003738318,0.139750197,,,,
540,snack_food,"<[2010.0, 2011.0, 2012.0]>",4,"<[2010.0, 4]; [2011.0, 6]; [2012.0, 8]>",18,3,21,3,0.6,0.722222,0.000487,18,0.005607477,0.314437942,,,,
75,casino,"<[2010.0, 2011.0, 2012.0]>",3,"<[2010.0, 2]; [2011.0, 3]; [2012.0, 7]>",0,21,21,5,0.425145,0.45989,0,12,0.001505835,0.022675394,,,,
623,warehousing,"<[2010.0, 2011.0, 2012.0]>",0,"<[2010.0, 2]; [2011.0, 1]; [2012.0, 3]>",21,0,21,0,0,0,0,6,0.000542741,0.002945676,,,,
234,film_distribution,"<[2010.0, 2011.0, 2012.0]>",3,"<[2010.0, 2]; [2011.0, 4]; [2012.0, 2]>",9,12,21,6,0.405345,0.448214,0.000074,8,0.00100389,0.010077953,,,,
38,augmented_reality,<[2012.0]>,3,"<[2012.0, 3]>",3,18,21,5,0.44,0.469228,0.000004,3,0.000376459,0.001417212,,,,
252,freight_service,"<[2010.0, 2011.0, 2012.0]>",0,"<[2010.0, 5]; [2011.0, 12]; [2012.0, 9]>",7,14,21,4,0.477745,0.499224,0.000013,26,0.002351877,0.055313253,,,,
52,bioinformatics,"<[2010.0, 2011.0, 2012.0]>",2,"<[2010.0, 8]; [2011.0, 5]; [2012.0, 1]>",0,20,20,4,0.440887,0.469119,0,14,0.003795066,0.144025291,,,,
275,grocery,"<[2010.0, 2011.0, 2012.0]>",4,"<[2010.0, 1]; [2011.0, 2]; [2012.0, 3]>",8,12,20,3,0.478673,0.49835,0.000014,6,0.001869159,0.034937549,,,,
473,property_development,"<[2011.0, 2012.0]>",1,"<[2011.0, 1]; [2012.0, 7]>",14,6,20,4,0.41691,0.448718,0.000017,8,0.002030972,0.041248486,,,,
217,event_promotion,"<[2010.0, 2011.0, 2012.0]>",3,"<[2010.0, 1]; [2011.0, 1]; [2012.0, 2]>",7,13,20,5,0.408393,0.440142,0.000022,4,0.000501945,0.002519488,,,,
264,gift,"<[2011.0, 2012.0]>",3,"<[2011.0, 2]; [2012.0, 4]>",8,12,20,4,0.47076,0.492236,0.000092,6,0.000752918,0.005668848,,,,
593,tutoring,"<[2010.0, 2011.0, 2012.0]>",1,"<[2010.0, 4]; [2011.0, 3]; [2012.0, 2]>",17,3,20,4,0.457143,0.502604,0.000759,9,0.002284844,0.052205115,,,,
411,nursing_and_residential_care,"<[2010.0, 2011.0, 2012.0]>",2,"<[2010.0, 9]; [2011.0, 12]; [2012.0, 9]>",15,5,20,4,0.418546,0.446607,0.000011,30,0.008132285,0.661340621,,,,
634,webos,<[2012.0]>,5,"<[2012.0, 2]>",20,0,20,0,0,0,0,2,0.000184434,0.000340158,,,,
597,universities,"<[2010.0, 2011.0, 2012.0]>",2,"<[2010.0, 2]; [2011.0, 2]; [2012.0, 3]>",18,1,19,1,1,1,0.000449,7,0.001897533,0.036006323,,,,
353,local_advertising,"<[2010.0, 2012.0]>",3,"<[2010.0, 2]; [2012.0, 2]>",9,10,19,4,0.41791,0.450397,0.000003,4,0.000501945,0.002519488,,,,
638,wind_energy,"<[2010.0, 2011.0, 2012.0]>",0,"<[2010.0, 3]; [2011.0, 1]; [2012.0, 6]>",19,0,19,0,0,0,0,10,0.000904568,0.008182434,,,,
592,travel_agency,"<[2010.0, 2011.0, 2012.0]>",4,"<[2010.0, 4]; [2011.0, 5]; [2012.0, 5]>",19,0,19,0,0,0,0,14,0.004361371,0.190215545,,,,
299,humanitarian,<[2011.0]>,3,"<[2011.0, 3]>",10,9,19,4,0.457704,0.479648,0.000015,3,0.000376459,0.001417212,,,,
529,shoes,"<[2010.0, 2011.0, 2012.0]>",4,"<[2010.0, 4]; [2011.0, 7]; [2012.0, 1]>",14,5,19,5,0.390558,0.428022,0.000004,12,0.003738318,0.139750197,,,,
47,battery,"<[2010.0, 2012.0]>",0,"<[2010.0, 4]; [2012.0, 3]>",2,17,19,4,0.414634,0.444497,0.000006,7,0.000633198,0.004009393,,,,
284,higher_education,"<[2010.0, 2011.0, 2012.0]>",1,"<[2010.0, 2]; [2011.0, 3]; [2012.0, 3]>",7,11,18,4,0.467836,0.488802,0.000223,8,0.002030972,0.041248486,,,,
447,physical_security,"<[2010.0, 2011.0, 2012.0]>",5,"<[2010.0, 3]; [2011.0, 2]; [2012.0, 1]>",15,3,18,5,0.39206,0.424473,0.000084,6,0.000553301,0.003061424,,,,
132,content_syndication,"<[2011.0, 2012.0]>",3,"<[2011.0, 3]; [2012.0, 1]>",5,13,18,5,0.43756,0.463036,0.000008,4,0.000501945,0.002519488,,,,
133,cooking,"<[2010.0, 2011.0, 2012.0]>",0,"<[2010.0, 3]; [2011.0, 8]; [2012.0, 4]>",6,12,18,4,0.437563,0.462104,0.000249,15,0.001356852,0.018410476,,,,
271,gpu,"<[2010.0, 2011.0, 2012.0]>",3,"<[2010.0, 2]; [2011.0, 1]; [2012.0, 2]>",4,14,18,4,0.430303,0.459859,0.000008,5,0.000627431,0.0039367,,,,
164,dental,"<[2010.0, 2011.0, 2012.0]>",2,"<[2010.0, 11]; [2011.0, 11]; [2012.0, 14]>",3,15,18,4,0.468565,0.490506,0.000001,36,0.009758742,0.952330495,,,,
345,life_insurance,"<[2010.0, 2011.0, 2012.0]>",1,"<[2010.0, 2]; [2011.0, 6]; [2012.0, 4]>",12,6,18,5,0.384615,0.41216,0.000005,12,0.003046458,0.092809093,,,,
248,forestry,"<[2010.0, 2011.0, 2012.0]>",0,"<[2010.0, 3]; [2011.0, 4]; [2012.0, 1]>",9,9,18,4,0.419974,0.446138,0.000037,8,0.000723654,0.005236758,,,,
609,video_editing,<[2011.0]>,3,"<[2011.0, 1]>",16,2,18,2,0.6,0.666667,0,1,0.000125486,0.000157468,,,,
186,ebooks,"<[2010.0, 2011.0, 2012.0]>",1,"<[2010.0, 2]; [2011.0, 2]; [2012.0, 1]>",3,15,18,4,0.447777,0.473441,0.000013,5,0.001269358,0.01611269,,,,
141,creative_agency,"<[2010.0, 2011.0, 2012.0]>",3,"<[2010.0, 2]; [2011.0, 3]; [2012.0, 3]>",6,12,18,5,0.439614,0.463993,0.000008,8,0.00100389,0.010077953,,,,
488,recreation,"<[2011.0, 2012.0]>",4,"<[2011.0, 2]; [2012.0, 4]>",12,5,17,5,0.377698,0.423492,0.000249,6,0.001869159,0.034937549,,,,
468,product_search,"<[2010.0, 2012.0]>",3,"<[2010.0, 2]; [2012.0, 2]>",12,5,17,4,0.468864,0.491536,0.000001,4,0.000501945,0.002519488,,,,
99,collaborative_consumption,"<[2010.0, 2011.0, 2012.0]>",0,"<[2010.0, 1]; [2011.0, 3]; [2012.0, 2]>",1,16,17,4,0.460332,0.482298,0.000122,6,0.000542741,0.002945676,,,,
61,brewing,"<[2010.0, 2011.0, 2012.0]>",4,"<[2010.0, 3]; [2011.0, 6]; [2012.0, 1]>",0,17,17,4,0.465137,0.486085,0,10,0.003115265,0.097048748,,,,
464,procurement,"<[2010.0, 2011.0, 2012.0]>",5,"<[2010.0, 3]; [2011.0, 3]; [2012.0, 2]>",12,5,17,4,0.416446,0.446391,0.000046,8,0.000737735,0.005442532,,,,
100,collectibles,"<[2010.0, 2011.0, 2012.0]>",4,"<[2010.0, 4]; [2011.0, 2]; [2012.0, 2]>",4,13,17,4,0.461469,0.481336,0.000019,8,0.002492212,0.062111198,,,,
51,biofuel,"<[2010.0, 2011.0, 2012.0]>",0,"<[2010.0, 4]; [2011.0, 1]; [2012.0, 1]>",1,16,17,4,0.441975,0.46648,0.000003,6,0.000542741,0.002945676,,,,
500,resorts,"<[2010.0, 2012.0]>",4,"<[2010.0, 2]; [2012.0, 7]>",12,5,17,5,0.375451,0.416186,0.000584,9,0.002803738,0.078609486,,,,
73,car_sharing,"<[2010.0, 2011.0, 2012.0]>",0,"<[2010.0, 1]; [2011.0, 1]; [2012.0, 5]>",1,16,17,4,0.436681,0.4665,0.000076,7,0.000633198,0.004009393,,,,
514,scheduling,"<[2010.0, 2011.0, 2012.0]>",5,"<[2010.0, 4]; [2011.0, 2]; [2012.0, 3]>",15,1,16,4,0.452941,0.470779,0,9,0.000829952,0.006888204,,,,
642,wired_telecommunications,"<[2010.0, 2011.0, 2012.0]>",3,"<[2010.0, 3]; [2011.0, 2]; [2012.0, 1]>",15,1,16,1,1,1,0,6,0.000752918,0.005668848,,,,
319,insurtech,"<[2010.0, 2011.0, 2012.0]>",5,"<[2010.0, 2]; [2011.0, 3]; [2012.0, 1]>",11,5,16,5,0.371505,0.402808,0.000017,6,0.000553301,0.003061424,,,,
18,alternative_medicine,"<[2010.0, 2011.0, 2012.0]>",2,"<[2010.0, 1]; [2011.0, 4]; [2012.0, 3]>",0,16,16,4,0.4304,0.456475,0,8,0.002168609,0.047028666,,,,
224,fantasy_sports,"<[2010.0, 2012.0]>",3,"<[2010.0, 2]; [2012.0, 2]>",3,13,16,4,0.412896,0.442922,0.000002,4,0.000501945,0.002519488,,,,
542,soccer,"<[2010.0, 2011.0, 2012.0]>",3,"<[2010.0, 2]; [2011.0, 3]; [2012.0, 3]>",11,4,15,6,0.409722,0.461017,0.000004,8,0.00100389,0.010077953,,,,
104,commercial_insurance,"<[2010.0, 2011.0, 2012.0]>",1,"<[2010.0, 5]; [2011.0, 10]; [2012.0, 9]>",2,13,15,4,0.438793,0.462672,0.000007,24,0.006092917,0.371236374,,,,
322,interior_design,"<[2010.0, 2011.0, 2012.0]>",0,"<[2010.0, 1]; [2011.0, 1]; [2012.0, 2]>",10,5,15,4,0.436482,0.459577,0.000004,4,0.000361827,0.001309189,,,,
492,rehabilitation,"<[2010.0, 2011.0, 2012.0]>",2,"<[2010.0, 7]; [2011.0, 8]; [2012.0, 3]>",13,2,15,4,0.455621,0.477273,0.000006,18,0.004879371,0.238082624,,,,
414,office_administration,"<[2011.0, 2012.0]>",5,"<[2011.0, 2]; [2012.0, 2]>",8,7,15,4,0.40553,0.438447,0.000037,4,0.000368868,0.001360633,,,,
161,debt_collections,"<[2010.0, 2011.0, 2012.0]>",1,"<[2010.0, 2]; [2011.0, 1]; [2012.0, 3]>",7,8,15,4,0.440937,0.462279,0.000007,6,0.001523229,0.023202273,,,,
219,eyewear,"<[2010.0, 2011.0, 2012.0]>",2,"<[2010.0, 4]; [2011.0, 5]; [2012.0, 7]>",5,10,15,4,0.440529,0.464583,0.000008,16,0.004337219,0.188114666,,,,
24,animation,"<[2010.0, 2011.0]>",3,"<[2010.0, 3]; [2011.0, 1]>",1,13,14,4,0.434669,0.458918,0.000001,4,0.000501945,0.002519488,,,,
190,elder_care,"<[2010.0, 2011.0, 2012.0]>",2,"<[2010.0, 3]; [2011.0, 9]; [2012.0, 8]>",2,12,14,4,0.406537,0.435511,0.000211,20,0.005421523,0.293929165,,,,
469,productivity_tools,"<[2010.0, 2011.0, 2012.0]>",5,"<[2010.0, 2]; [2011.0, 1]; [2012.0, 1]>",11,3,14,4,0.428571,0.453488,0.00001,4,0.000368868,0.001360633,,,,
546,social_entrepreneurship,"<[2010.0, 2012.0]>",3,"<[2010.0, 1]; [2012.0, 1]>",11,3,14,5,0.39726,0.431418,0.000002,2,0.000250973,0.000629872,,,,
577,theatre,<[2011.0]>,3,"<[2011.0, 2]>",10,4,14,4,0.387097,0.449074,0.000004,2,0.000250973,0.000629872,,,,
496,rental_property,"<[2010.0, 2011.0, 2012.0]>",0,"<[2010.0, 2]; [2011.0, 2]; [2012.0, 1]>",9,5,14,4,0.411765,0.447279,0.000014,5,0.000452284,0.002045608,,,,
57,bitcoin,"<[2011.0, 2012.0]>",5,"<[2011.0, 1]; [2012.0, 2]>",1,13,14,4,0.438294,0.462905,0.000001,3,0.000276651,0.000765356,,,,
554,social_recruiting,"<[2010.0, 2011.0, 2012.0]>",5,"<[2010.0, 1]; [2011.0, 1]; [2012.0, 1]>",12,2,14,4,0.458333,0.479437,0,3,0.000276651,0.000765356,,,,
537,smart_cities,"<[2010.0, 2011.0]>",5,"<[2010.0, 1]; [2011.0, 1]>",11,3,14,4,0.475309,0.496753,0,2,0.000184434,0.000340158,,,,
69,business_travel,"<[2010.0, 2011.0]>",4,"<[2010.0, 1]; [2011.0, 1]>",2,12,14,5,0.388357,0.41945,0.00001,2,0.000623053,0.00388195,,,,
511,sales_automation,"<[2011.0, 2012.0]>",5,"<[2011.0, 1]; [2012.0, 3]>",12,2,14,4,0.415323,0.444984,0.000003,4,0.000368868,0.001360633,,,,
215,esports,"<[2010.0, 2012.0]>",3,"<[2010.0, 1]; [2012.0, 2]>",5,9,14,5,0.448148,0.473003,0.000004,3,0.000376459,0.001417212,,,,
584,trade_shows,"<[2010.0, 2011.0]>",3,"<[2010.0, 2]; [2011.0, 2]>",14,0,14,0,0,0,0,4,0.000501945,0.002519488,,,,
377,men's,"<[2010.0, 2012.0]>",4,"<[2010.0, 1]; [2012.0, 2]>",6,8,14,5,0.369803,0.417357,0.000003,3,0.000934579,0.008734387,,,,
350,linux,"<[2010.0, 2011.0, 2012.0]>",5,"<[2010.0, 2]; [2011.0, 1]; [2012.0, 1]>",7,7,14,4,0.436433,0.462319,0.000002,4,0.000368868,0.001360633,,,,
351,livestock,"<[2011.0, 2012.0]>",2,"<[2011.0, 1]; [2012.0, 3]>",8,5,13,4,0.430868,0.454291,0.000001,4,0.001084305,0.011757167,,,,
296,housekeeping_service,"<[2010.0, 2011.0]>",0,"<[2010.0, 1]; [2011.0, 2]>",9,4,13,4,0.421409,0.44239,0.000011,3,0.00027137,0.000736419,,,,
96,cms,"<[2010.0, 2012.0]>",3,"<[2010.0, 2]; [2012.0, 1]>",1,12,13,4,0.442741,0.466056,0,3,0.000376459,0.001417212,,,,
452,politics,"<[2011.0, 2012.0]>",3,"<[2011.0, 2]; [2012.0, 1]>",9,4,13,5,0.364754,0.396442,0.000001,3,0.000376459,0.001417212,,,,
635,wedding,<[2011.0]>,3,"<[2011.0, 3]>",13,0,13,0,0,0,0,3,0.000376459,0.001417212,,,,
536,smart_building,"<[2010.0, 2011.0, 2012.0]>",0,"<[2010.0, 1]; [2011.0, 1]; [2012.0, 1]>",10,3,13,4,0.395062,0.453125,0.000006,3,0.00027137,0.000736419,,,,
601,vending_and_concessions,"<[2010.0, 2011.0]>",4,"<[2010.0, 3]; [2011.0, 4]>",13,0,13,0,0,0,0,7,0.002180685,0.047553886,,,,
255,fuel_cell,"<[2010.0, 2011.0, 2012.0]>",0,"<[2010.0, 1]; [2011.0, 2]; [2012.0, 1]>",6,7,13,4,0.444142,0.466002,0.000026,4,0.000361827,0.001309189,,,,
84,civictech,"<[2010.0, 2011.0]>",0,"<[2010.0, 2]; [2011.0, 1]>",2,10,12,4,0.439551,0.461362,0.000002,3,0.00027137,0.000736419,,,,
223,family,"<[2010.0, 2011.0, 2012.0]>",4,"<[2010.0, 6]; [2011.0, 7]; [2012.0, 7]>",3,9,12,4,0.447427,0.469792,0.000019,20,0.00623053,0.38819499,,,,
335,laser,"<[2010.0, 2011.0, 2012.0]>",0,"<[2010.0, 3]; [2011.0, 2]; [2012.0, 3]>",7,5,12,4,0.427432,0.450249,0,8,0.000723654,0.005236758,,,,
148,cryptocurrency,<[2011.0]>,1,"<[2011.0, 1]>",3,9,12,4,0.432302,0.455071,0,1,0.000253872,0.000644508,,,,
613,virtual_currency,<[2011.0]>,3,"<[2011.0, 1]>",12,0,12,0,0,0,0,1,0.000125486,0.000157468,,,,
230,field-programmable_gate_array_(fpga),"<[2011.0, 2012.0]>",5,"<[2011.0, 3]; [2012.0, 1]>",4,8,12,4,0.453964,0.473944,0,4,0.000368868,0.001360633,,,,
14,affiliate_marketing,"<[2011.0, 2012.0]>",3,"<[2011.0, 1]; [2012.0, 2]>",2,10,12,5,0.401381,0.426291,0.000001,3,0.000376459,0.001417212,,,,
159,dating,"<[2011.0, 2012.0]>",3,"<[2011.0, 1]; [2012.0, 1]>",2,10,12,5,0.427059,0.456015,0,2,0.000250973,0.000629872,,,,
225,farmers_market,"<[2010.0, 2011.0, 2012.0]>",0,"<[2010.0, 2]; [2011.0, 1]; [2012.0, 2]>",4,8,12,5,0.428879,0.454397,0.000227,5,0.000452284,0.002045608,,,,
195,electronic_health_record_(ehr),"<[2010.0, 2011.0, 2012.0]>",5,"<[2010.0, 2]; [2011.0, 1]; [2012.0, 2]>",3,9,12,4,0.456806,0.477316,0,5,0.000461084,0.002125989,,,,
9,adventure_travel,"<[2010.0, 2011.0, 2012.0]>",4,"<[2010.0, 1]; [2011.0, 1]; [2012.0, 2]>",0,12,12,5,0.396857,0.42379,0,4,0.001246106,0.0155278,,,,
140,craft_beer,"<[2010.0, 2011.0, 2012.0]>",4,"<[2010.0, 1]; [2011.0, 3]; [2012.0, 1]>",4,8,12,4,0.416949,0.441734,0.000008,5,0.001557632,0.024262187,,,,
410,nuclear,"<[2010.0, 2012.0]>",0,"<[2010.0, 1]; [2012.0, 2]>",7,4,11,5,0.377953,0.408247,0.000001,3,0.00027137,0.000736419,,,,
71,call_center,"<[2010.0, 2011.0, 2012.0]>",3,"<[2010.0, 1]; [2011.0, 1]; [2012.0, 1]>",1,10,11,5,0.416309,0.442234,0.000002,3,0.000376459,0.001417212,,,,
267,golf,"<[2010.0, 2012.0]>",4,"<[2010.0, 1]; [2012.0, 2]>",0,11,11,3,0.480952,0.4989,0,3,0.000934579,0.008734387,,,,
457,presentations,"<[2010.0, 2011.0]>",3,"<[2010.0, 1]; [2011.0, 1]>",9,2,11,4,0.461078,0.481602,0,2,0.000250973,0.000629872,,,,
559,space_travel,"<[2011.0, 2012.0]>",0,"<[2011.0, 2]; [2012.0, 2]>",11,0,11,0,0,0,0,4,0.000361827,0.001309189,,,,
297,human_computer_interaction,"<[2010.0, 2011.0, 2012.0]>",5,"<[2010.0, 3]; [2011.0, 1]; [2012.0, 2]>",4,7,11,3,0.452991,0.472746,0,6,0.000553301,0.003061424,,,,
531,shopping_mall,"<[2010.0, 2011.0]>",4,"<[2010.0, 1]; [2011.0, 1]>",10,1,11,4,0.452941,0.470779,0,2,0.000623053,0.00388195,,,,
580,tobacco,"<[2011.0, 2012.0]>",4,"<[2011.0, 1]; [2012.0, 4]>",11,0,11,0,0,0,0,5,0.001557632,0.024262187,,,,
16,agtech,"<[2010.0, 2011.0]>",2,"<[2010.0, 1]; [2011.0, 1]>",1,10,11,5,0.402393,0.432311,0,2,0.000542152,0.002939292,,,,
178,document_preparation,<[2012.0]>,5,"<[2012.0, 2]>",6,5,11,4,0.419125,0.440534,0,2,0.000184434,0.000340158,,,,
78,celebrity,<[2011.0]>,3,"<[2011.0, 1]>",0,11,11,5,0.399203,0.435695,0,1,0.000125486,0.000157468,,,,
425,outdoor_advertising,"<[2010.0, 2011.0, 2012.0]>",3,"<[2010.0, 1]; [2011.0, 3]; [2012.0, 2]>",9,2,11,5,0.342404,0.366336,0,6,0.000752918,0.005668848,,,,
526,sharing_economy,"<[2011.0, 2012.0]>",4,"<[2011.0, 1]; [2012.0, 1]>",9,2,11,4,0.455621,0.477273,0.000001,2,0.000623053,0.00388195,,,,
433,parking,<[2010.0]>,1,"<[2010.0, 1]>",8,3,11,4,0.400955,0.427083,0,1,0.000253872,0.000644508,,,,
143,credit_bureau,<[2012.0]>,1,"<[2012.0, 2]>",2,8,10,4,0.4603,0.477855,0,2,0.000507743,0.00257803,,,,
555,social_shopping,<[2012.0]>,4,"<[2012.0, 2]>",10,0,10,0,0,0,0,2,0.000623053,0.00388195,,,,
201,emergency_medicine,"<[2010.0, 2011.0, 2012.0]>",2,"<[2010.0, 2]; [2011.0, 2]; [2012.0, 1]>",2,8,10,4,0.431866,0.454693,0.000002,5,0.001355381,0.018370573,,,,
153,data_center_automation,"<[2010.0, 2011.0]>",5,"<[2010.0, 1]; [2011.0, 2]>",5,5,10,4,0.440447,0.459859,0,3,0.000276651,0.000765356,,,,
191,elderly,"<[2010.0, 2011.0, 2012.0]>",2,"<[2010.0, 1]; [2011.0, 2]; [2012.0, 3]>",1,9,10,4,0.42382,0.448945,0.000056,6,0.001626457,0.026453625,,,,
72,cannabis,"<[2010.0, 2011.0, 2012.0]>",1,"<[2010.0, 1]; [2011.0, 1]; [2012.0, 2]>",1,9,10,4,0.46091,0.479747,0,4,0.001015486,0.010312121,,,,
618,virtual_world,<[2012.0]>,3,"<[2012.0, 2]>",10,0,10,0,0,0,0,2,0.000250973,0.000629872,,,,
181,drones,<[2012.0]>,5,"<[2012.0, 2]>",1,9,10,4,0.431156,0.454351,0.000001,2,0.000184434,0.000340158,,,,
607,video_chat,"<[2010.0, 2011.0]>",3,"<[2010.0, 1]; [2011.0, 2]>",10,0,10,0,0,0,0,3,0.000376459,0.001417212,,,,
160,debit_cards,<[2011.0]>,1,"<[2011.0, 3]>",2,8,10,4,0.443013,0.46346,0,3,0.000761615,0.005800568,,,,
151,cycling,"<[2011.0, 2012.0]>",3,"<[2011.0, 3]; [2012.0, 3]>",1,9,10,5,0.435824,0.458498,0,6,0.000752918,0.005668848,,,,
528,shipping_broker,"<[2011.0, 2012.0]>",1,"<[2011.0, 3]; [2012.0, 6]>",7,3,10,4,0.405063,0.463542,0.000006,9,0.002284844,0.052205115,,,,
504,retirement,<[2010.0]>,1,"<[2010.0, 2]>",9,0,9,0,0,0,0,2,0.000507743,0.00257803,,,,
408,nightlife,<[2011.0]>,3,"<[2011.0, 1]>",6,3,9,5,0.384615,0.413077,0,1,0.000125486,0.000157468,,,,
114,confectionery,"<[2010.0, 2011.0]>",4,"<[2010.0, 1]; [2011.0, 2]>",0,9,9,6,0.431233,0.456344,0,3,0.000934579,0.008734387,,,,
620,visual_search,<[2010.0]>,3,"<[2010.0, 1]>",9,0,9,0,0,0,0,1,0.000125486,0.000157468,,,,
45,bakery,"<[2010.0, 2012.0]>",4,"<[2010.0, 1]; [2012.0, 2]>",0,9,9,5,0.432363,0.455512,0,3,0.000934579,0.008734387,,,,
600,vacation_rental,"<[2011.0, 2012.0]>",4,"<[2011.0, 1]; [2012.0, 1]>",9,0,9,0,0,0,0,2,0.000623053,0.00388195,,,,
432,parenting,"<[2010.0, 2011.0]>",3,"<[2010.0, 1]; [2011.0, 1]>",4,5,9,4,0.380697,0.410798,0.000001,2,0.000250973,0.000629872,,,,
575,text_analytics,<[2012.0]>,5,"<[2012.0, 2]>",8,1,9,4,0.396226,0.440476,0,2,0.000184434,0.000340158,,,,
568,swimming,"<[2010.0, 2011.0, 2012.0]>",0,"<[2010.0, 1]; [2011.0, 4]; [2012.0, 2]>",7,1,8,3,0.5,0.583333,0,7,0.000633198,0.004009393,,,,
102,college_recruiting,"<[2010.0, 2012.0]>",3,"<[2010.0, 1]; [2012.0, 2]>",1,7,8,4,0.427372,0.448592,0,3,0.000376459,0.001417212,,,,
512,same_day_delivery,<[2012.0]>,4,"<[2012.0, 3]>",6,2,8,4,0.457627,0.478395,0,3,0.000934579,0.008734387,,,,
621,vocational_education,"<[2011.0, 2012.0]>",1,"<[2011.0, 2]; [2012.0, 1]>",8,0,8,0,0,0,0,3,0.000761615,0.005800568,,,,
391,multi-level_marketing,"<[2011.0, 2012.0]>",3,"<[2011.0, 1]; [2012.0, 1]>",4,4,8,4,0.427152,0.45478,0,2,0.000250973,0.000629872,,,,
498,reservations,<[2010.0]>,4,"<[2010.0, 2]>",4,4,8,5,0.4,0.429744,0,2,0.000623053,0.00388195,,,,
105,commercial_lending,"<[2010.0, 2011.0]>",5,"<[2010.0, 1]; [2011.0, 1]>",2,6,8,4,0.449291,0.468042,0.000001,2,0.000184434,0.000340158,,,,
336,laundry_and_dry-cleaning,<[2011.0]>,0,"<[2011.0, 2]>",2,6,8,4,0.381085,0.406934,0.000002,2,0.000180914,0.000327297,,,,
489,recreational_vehicles,"<[2010.0, 2011.0, 2012.0]>",0,"<[2010.0, 3]; [2011.0, 1]; [2012.0, 1]>",7,1,8,3,0.5,0.583333,0,5,0.000452284,0.002045608,,,,
168,diabetes,"<[2010.0, 2012.0]>",2,"<[2010.0, 2]; [2012.0, 1]>",1,7,8,4,0.443456,0.464422,0,3,0.000813229,0.006613406,,,,
434,parks,"<[2010.0, 2012.0]>",4,"<[2010.0, 1]; [2012.0, 3]>",5,2,7,6,0.311765,0.351887,0.000001,4,0.001246106,0.0155278,,,,
646,young_adults,<[2012.0]>,1,"<[2012.0, 1]>",7,0,7,0,0,0,0,1,0.000253872,0.000644508,,,,
30,archiving_service,"<[2010.0, 2011.0]>",5,"<[2010.0, 1]; [2011.0, 1]>",0,7,7,4,0.415923,0.438283,0,2,0.000184434,0.000340158,,,,
581,tour_operator,"<[2010.0, 2012.0]>",4,"<[2010.0, 1]; [2012.0, 1]>",4,3,7,4,0.435897,0.482843,0,2,0.000623053,0.00388195,,,,
123,consumer_research,<[2010.0]>,5,"<[2010.0, 2]>",1,6,7,3,0.458993,0.476489,0,2,0.000184434,0.000340158,,,,
407,nightclubs,"<[2011.0, 2012.0]>",4,"<[2011.0, 1]; [2012.0, 1]>",5,2,7,5,0.340517,0.361392,0,2,0.000623053,0.00388195,,,,
615,virtual_goods,<[2011.0]>,3,"<[2011.0, 1]>",7,0,7,0,0,0,0,1,0.000125486,0.000157468,,,,
257,funerals,"<[2010.0, 2011.0, 2012.0]>",4,"<[2010.0, 7]; [2011.0, 7]; [2012.0, 8]>",4,3,7,4,0.442244,0.460821,0.000005,22,0.006853583,0.469715938,,,,
450,podcast,"<[2010.0, 2011.0]>",3,"<[2010.0, 1]; [2011.0, 1]>",3,4,7,4,0.457143,0.479818,0,2,0.000250973,0.000629872,,,,
459,primary_education,"<[2011.0, 2012.0]>",1,"<[2011.0, 2]; [2012.0, 1]>",5,2,7,4,0.407407,0.465909,0.000105,3,0.000761615,0.005800568,,,,
506,ride_sharing,<[2012.0]>,4,"<[2012.0, 2]>",5,2,7,4,0.426667,0.466146,0,2,0.000623053,0.00388195,,,,
639,windows,<[2012.0]>,0,"<[2012.0, 1]>",7,0,7,0,0,0,0,1,9.04568E-05,8.18243E-05,,,,
6,ad_server,<[2011.0]>,3,"<[2011.0, 1]>",1,5,6,5,0.415469,0.436216,0,1,0.000125486,0.000157468,,,,
493,religion,<[2010.0]>,3,"<[2010.0, 1]>",4,2,6,5,0.381579,0.411303,0,1,0.000125486,0.000157468,,,,
545,social_crm,<[2010.0]>,5,"<[2010.0, 1]>",4,2,6,4,0.462766,0.481801,0,1,9.22169E-05,8.50396E-05,,,,
292,horticulture,"<[2011.0, 2012.0]>",0,"<[2011.0, 2]; [2012.0, 1]>",4,2,6,4,0.415765,0.436803,0.000546,3,0.00027137,0.000736419,,,,
180,drm,<[2010.0]>,3,"<[2010.0, 1]>",2,4,6,5,0.423573,0.448696,0,1,0.000125486,0.000157468,,,,
355,local_shopping,<[2011.0]>,4,"<[2011.0, 1]>",3,3,6,5,0.410256,0.437109,0,1,0.000311526,0.000970487,,,,
176,diy,"<[2010.0, 2012.0]>",4,"<[2010.0, 1]; [2012.0, 1]>",1,5,6,4,0.434402,0.453766,0,2,0.000623053,0.00388195,,,,
449,playstation,<[2012.0]>,3,"<[2012.0, 1]>",2,4,6,4,0.463855,0.492424,0,1,0.000125486,0.000157468,,,,
251,freemium,"<[2011.0, 2012.0]>",3,"<[2011.0, 2]; [2012.0, 1]>",1,5,6,5,0.419653,0.444536,0,3,0.000376459,0.001417212,,,,
520,semantic_web,<[2010.0]>,3,"<[2010.0, 1]>",3,3,6,4,0.445946,0.473064,0,1,0.000125486,0.000157468,,,,
44,baby,"<[2011.0, 2012.0]>",4,"<[2011.0, 2]; [2012.0, 1]>",0,6,6,4,0.433981,0.454139,0,3,0.000934579,0.008734387,,,,
417,online_forums,<[2011.0]>,3,"<[2011.0, 2]>",3,3,6,5,0.372152,0.402381,0.000004,2,0.000250973,0.000629872,,,,
306,independent_music,"<[2011.0, 2012.0]>",3,"<[2011.0, 1]; [2012.0, 1]>",2,4,6,4,0.406528,0.430049,0,2,0.000250973,0.000629872,,,,
122,consumer_lending,<[2010.0]>,1,"<[2010.0, 1]>",1,5,6,4,0.412317,0.433966,0,1,0.000253872,0.000644508,,,,
34,assistive_technology,<[2012.0]>,0,"<[2012.0, 1]>",0,5,5,4,0.401125,0.421844,0,1,9.04568E-05,8.18243E-05,,,,
598,usability_testing,<[2012.0]>,2,"<[2012.0, 1]>",5,0,5,0,0,0,0,1,0.000271076,0.000734823,,,,
53,biomass_energy,<[2012.0]>,0,"<[2012.0, 1]>",0,5,5,5,0.359643,0.378626,0,1,9.04568E-05,8.18243E-05,,,,
3,ad_exchange,<[2012.0]>,3,"<[2012.0, 1]>",0,5,5,5,0.401721,0.422625,0,1,0.000125486,0.000157468,,,,
596,unified_communications,<[2010.0]>,3,"<[2010.0, 1]>",3,2,5,3,0.5,0.595238,0,1,0.000125486,0.000157468,,,,
256,funding_platform,<[2010.0]>,1,"<[2010.0, 1]>",3,2,5,4,0.359954,0.374866,0,1,0.000253872,0.000644508,,,,
135,cosmetic_surgery,<[2010.0]>,2,"<[2010.0, 1]>",1,4,5,4,0.460422,0.475406,0,1,0.000271076,0.000734823,,,,
645,wood_processing,"<[2010.0, 2011.0, 2012.0]>",0,"<[2010.0, 2]; [2011.0, 2]; [2012.0, 1]>",5,0,5,0,0,0,0,5,0.000452284,0.002045608,,,,
202,emerging_markets,<[2010.0]>,0,"<[2010.0, 1]>",1,4,5,5,0.354027,0.381201,0,1,9.04568E-05,8.18243E-05,,,,
390,motion_capture,<[2012.0]>,3,"<[2012.0, 1]>",3,2,5,5,0.383871,0.409944,0,1,0.000125486,0.000157468,,,,
19,amusement_park_and_arcade,"<[2010.0, 2012.0]>",4,"<[2010.0, 1]; [2012.0, 2]>",0,5,5,4,0.368682,0.388217,0,3,0.000934579,0.008734387,,,,
524,serious_games,<[2010.0]>,5,"<[2010.0, 1]>",2,3,5,4,0.461078,0.485931,0,1,9.22169E-05,8.50396E-05,,,,
229,fertility,<[2011.0]>,0,"<[2011.0, 1]>",3,2,5,4,0.436482,0.454602,0,1,9.04568E-05,8.18243E-05,,,,
394,music_education,<[2011.0]>,4,"<[2011.0, 1]>",2,2,4,5,0.401869,0.425969,0,1,0.000311526,0.000970487,,,,
396,musical_instruments,<[2011.0]>,4,"<[2011.0, 1]>",3,1,4,5,0.4,0.421484,0,1,0.000311526,0.000970487,,,,
253,fruit,"<[2011.0, 2012.0]>",0,"<[2011.0, 1]; [2012.0, 1]>",1,3,4,4,0.36828,0.388078,0,2,0.000180914,0.000327297,,,,
570,tea,<[2012.0]>,4,"<[2012.0, 1]>",4,0,4,0,0,0,0,1,0.000311526,0.000970487,,,,
101,collection_agency,<[2011.0]>,1,"<[2011.0, 1]>",0,4,4,5,0.418564,0.440342,0,1,0.000253872,0.000644508,,,,
349,lingerie,"<[2011.0, 2012.0]>",4,"<[2011.0, 1]; [2012.0, 1]>",1,3,4,4,0.426752,0.448383,0,2,0.000623053,0.00388195,,,,
371,mechanical_design,<[2012.0]>,0,"<[2012.0, 1]>",3,1,4,5,0.323925,0.344329,0,1,9.04568E-05,8.18243E-05,,,,
614,virtual_desktop,<[2012.0]>,5,"<[2012.0, 1]>",3,1,4,3,0.5,0.555556,0,1,9.22169E-05,8.50396E-05,,,,
115,console_games,<[2012.0]>,3,"<[2012.0, 1]>",1,3,4,4,0.356794,0.371005,0,1,0.000125486,0.000157468,,,,
139,coworking,<[2012.0]>,3,"<[2012.0, 1]>",1,3,4,4,0.425562,0.44582,0,1,0.000125486,0.000157468,,,,
516,secondary_education,<[2011.0]>,1,"<[2011.0, 3]>",4,0,4,0,0,0,0,3,0.000761615,0.005800568,,,,
572,teenagers,<[2012.0]>,5,"<[2012.0, 1]>",3,1,4,3,0.5,0.555556,0,1,9.22169E-05,8.50396E-05,,,,
412,nutraceutical,"<[2010.0, 2011.0]>",2,"<[2010.0, 1]; [2011.0, 1]>",2,2,4,6,0.347594,0.367607,0,2,0.000542152,0.002939292,,,,
28,aquaculture,"<[2011.0, 2012.0]>",0,"<[2011.0, 1]; [2012.0, 1]>",0,4,4,4,0.41691,0.437257,0,2,0.000180914,0.000327297,,,,
541,sns,<[2010.0]>,3,"<[2010.0, 1]>",3,1,4,5,0.379913,0.405556,0,1,0.000125486,0.000157468,,,,
423,organic,<[2012.0]>,2,"<[2012.0, 1]>",4,0,4,0,0,0,0,1,0.000271076,0.000734823,,,,
243,flowers,<[2011.0]>,4,"<[2011.0, 4]>",1,3,4,5,0.386117,0.406695,0,4,0.001246106,0.0155278,,,,
463,private_social_networking,<[2010.0]>,3,"<[2010.0, 1]>",2,2,4,5,0.390135,0.419923,0,1,0.000125486,0.000157468,,,,
266,gift_exchange,<[2011.0]>,3,"<[2011.0, 1]>",3,1,4,5,0.4,0.421484,0,1,0.000125486,0.000157468,,,,
278,handmade,<[2012.0]>,0,"<[2012.0, 1]>",3,1,4,4,0.414861,0.434701,0,1,9.04568E-05,8.18243E-05,,,,
247,food_trucks,<[2011.0]>,4,"<[2011.0, 1]>",1,2,3,5,0.401254,0.425391,0,1,0.000311526,0.000970487,,,,
273,green_consumer_goods,<[2012.0]>,4,"<[2012.0, 1]>",1,2,3,4,0.357323,0.374264,0,1,0.000311526,0.000970487,,,,
231,field_support,<[2010.0]>,0,"<[2010.0, 1]>",0,3,3,4,0.374713,0.394939,0,1,9.04568E-05,8.18243E-05,,,,
304,in-flight_entertainment,<[2011.0]>,3,"<[2011.0, 1]>",0,3,3,4,0.372855,0.396095,0,1,0.000125486,0.000157468,,,,
533,skiing,<[2012.0]>,4,"<[2012.0, 1]>",3,0,3,0,0,0,0,1,0.000311526,0.000970487,,,,
427,outpatient_care,<[2012.0]>,2,"<[2012.0, 1]>",3,0,3,0,0,0,0,1,0.000271076,0.000734823,,,,
476,psychology,<[2011.0]>,1,"<[2011.0, 1]>",2,1,3,5,0.338542,0.355,0,1,0.000253872,0.000644508,,,,
438,performing_arts,<[2012.0]>,0,"<[2012.0, 1]>",2,0,2,0,0,0,0,1,9.04568E-05,8.18243E-05,,,,
641,winery,<[2012.0]>,4,"<[2012.0, 1]>",2,0,2,0,0,0,0,1,0.000311526,0.000970487,,,,
333,landscaping,<[2011.0]>,0,"<[2011.0, 1]>",1,1,2,4,0.414861,0.434701,0,1,9.04568E-05,8.18243E-05,,,,
392,museums_and_historical_sites,<[2012.0]>,4,"<[2012.0, 1]>",0,2,2,4,0.365591,0.409314,0,1,0.000311526,0.000970487,,,,
453,ports_and_harbors,<[2010.0]>,0,"<[2010.0, 1]>",1,0,1,0,0,0,0,1,9.04568E-05,8.18243E-05,,,,
