Id,Label,timeset,modularity_class,time_score_stamp,indegree,outdegree,Degree,Eccentricity,closnesscentrality,harmonicclosnesscentrality,betweenesscentrality,eigencentrality
90,cloud_computing,"<[2010.0, 2011.0, 2012.0]>",5,"<[2010.0, 45]; [2011.0, 73]; [2012.0, 63]>",26,159,185,4,0.574837,0.643711,0.001508,0.011137
508,robotics,"<[2010.0, 2011.0, 2012.0]>",5,"<[2010.0, 16]; [2011.0, 25]; [2012.0, 36]>",113,21,134,4,0.522321,0.574786,0.000442,0.335542
517,security,"<[2010.0, 2011.0, 2012.0]>",5,"<[2010.0, 104]; [2011.0, 113]; [2012.0, 127]>",199,38,237,4,0.583784,0.665895,0.003918,0.575017
465,product_design,"<[2010.0, 2011.0, 2012.0]>",0,"<[2010.0, 33]; [2011.0, 58]; [2012.0, 56]>",123,42,165,4,0.542373,0.614583,0.001705,0.312899
509,saas,"<[2010.0, 2011.0, 2012.0]>",5,"<[2010.0, 51]; [2011.0, 72]; [2012.0, 79]>",182,55,237,4,0.640884,0.73204,0.004858,0.504878
351,livestock,"<[2011.0, 2012.0]>",2,"<[2011.0, 1]; [2012.0, 3]>",8,5,13,4,0.430868,0.454291,0.000001,0.015972
604,veterinary,"<[2010.0, 2011.0, 2012.0]>",2,"<[2010.0, 10]; [2011.0, 6]; [2012.0, 7]>",20,1,21,1,1,1,0.000002,0.10048
562,sports,"<[2010.0, 2011.0, 2012.0]>",3,"<[2010.0, 24]; [2011.0, 34]; [2012.0, 37]>",113,22,135,5,0.554455,0.66875,0.001212,0.426267
629,web_apps,"<[2010.0, 2011.0, 2012.0]>",3,"<[2010.0, 6]; [2011.0, 6]; [2012.0, 2]>",54,3,57,2,0.615385,0.6875,0.000018,0.335594
188,edtech,"<[2010.0, 2011.0, 2012.0]>",1,"<[2010.0, 12]; [2011.0, 19]; [2012.0, 15]>",20,47,67,4,0.493714,0.532407,0.000279,0.01776
127,content,"<[2010.0, 2011.0, 2012.0]>",3,"<[2010.0, 29]; [2011.0, 36]; [2012.0, 45]>",36,148,184,3,0.581948,0.647619,0.002706,0.022244
158,database,"<[2010.0, 2011.0, 2012.0]>",5,"<[2010.0, 14]; [2011.0, 11]; [2012.0, 16]>",29,65,94,4,0.516741,0.557955,0.00041,0.022138
118,consumer,"<[2010.0, 2011.0, 2012.0]>",4,"<[2010.0, 56]; [2011.0, 57]; [2012.0, 59]>",41,164,205,4,0.588098,0.658565,0.003546,0.020983
213,environmental_consulting,"<[2010.0, 2011.0, 2012.0]>",0,"<[2010.0, 21]; [2011.0, 24]; [2012.0, 22]>",20,47,67,4,0.493888,0.535479,0.00018,0.020472
236,finance,"<[2010.0, 2011.0, 2012.0]>",1,"<[2010.0, 141]; [2011.0, 171]; [2012.0, 181]>",101,178,279,3,0.63961,0.72335,0.007555,0.086767
56,biotechnology,"<[2010.0, 2011.0, 2012.0]>",2,"<[2010.0, 155]; [2011.0, 162]; [2012.0, 167]>",16,140,156,3,0.565401,0.625622,0.001808,0.00568
363,manufacturing,"<[2010.0, 2011.0, 2012.0]>",0,"<[2010.0, 569]; [2011.0, 648]; [2012.0, 704]>",224,162,386,3,0.706349,0.799625,0.027083,0.303952
505,rfid,"<[2010.0, 2011.0, 2012.0]>",5,"<[2010.0, 9]; [2011.0, 10]; [2012.0, 4]>",40,9,49,4,0.469828,0.50841,0.000049,0.152459
477,public_relations,"<[2010.0, 2011.0, 2012.0]>",3,"<[2010.0, 53]; [2011.0, 55]; [2012.0, 62]>",129,43,172,4,0.548872,0.628995,0.002605,0.335239
563,staffing_agency,"<[2010.0, 2011.0, 2012.0]>",1,"<[2010.0, 14]; [2011.0, 20]; [2012.0, 27]>",59,7,66,4,0.490566,0.540064,0.00005,0.273778
293,hospital,"<[2010.0, 2011.0, 2012.0]>",2,"<[2010.0, 42]; [2011.0, 32]; [2012.0, 42]>",38,38,76,4,0.513057,0.546657,0.000718,0.050184
362,management_information_systems,"<[2010.0, 2011.0, 2012.0]>",5,"<[2010.0, 17]; [2011.0, 13]; [2012.0, 22]>",58,40,98,4,0.516315,0.560409,0.000767,0.126067
317,innovation_management,"<[2010.0, 2011.0, 2012.0]>",0,"<[2010.0, 21]; [2011.0, 37]; [2012.0, 37]>",59,65,124,3,0.53886,0.593483,0.001102,0.102472
507,risk_management,"<[2010.0, 2011.0, 2012.0]>",1,"<[2010.0, 57]; [2011.0, 81]; [2012.0, 97]>",117,24,141,4,0.536364,0.591102,0.001008,0.368283
378,messaging,"<[2010.0, 2011.0, 2012.0]>",3,"<[2010.0, 22]; [2011.0, 25]; [2012.0, 30]>",79,62,141,4,0.55,0.62013,0.00144,0.168299
564,stock_exchanges,"<[2010.0, 2011.0, 2012.0]>",1,"<[2010.0, 3]; [2011.0, 5]; [2012.0, 8]>",31,3,34,4,0.417722,0.472222,0.000021,0.171401
136,cosmetics,"<[2010.0, 2011.0, 2012.0]>",4,"<[2010.0, 14]; [2011.0, 1]; [2012.0, 10]>",6,24,30,4,0.474019,0.499814,0.000005,0.004851
374,medical,"<[2010.0, 2011.0, 2012.0]>",2,"<[2010.0, 151]; [2011.0, 165]; [2012.0, 163]>",117,78,195,3,0.581509,0.655509,0.003056,0.226826
357,logistics,"<[2010.0, 2011.0, 2012.0]>",0,"<[2010.0, 66]; [2011.0, 100]; [2012.0, 115]>",110,79,189,3,0.569937,0.637363,0.003907,0.169591
571,technical_support,"<[2010.0, 2011.0, 2012.0]>",0,"<[2010.0, 6]; [2011.0, 10]; [2012.0, 4]>",42,5,47,4,0.469565,0.510802,0.00002,0.210566
68,business_intelligence,"<[2010.0, 2011.0, 2012.0]>",5,"<[2010.0, 34]; [2011.0, 29]; [2012.0, 43]>",16,142,158,4,0.563025,0.625777,0.000521,0.006991
557,software_engineering,"<[2010.0, 2011.0, 2012.0]>",5,"<[2010.0, 8]; [2011.0, 9]; [2012.0, 8]>",61,6,67,3,0.647059,0.757576,0.00006,0.264584
494,renewable_energy,"<[2010.0, 2011.0, 2012.0]>",0,"<[2010.0, 46]; [2011.0, 51]; [2012.0, 43]>",87,25,112,4,0.52459,0.58138,0.000998,0.257579
144,credit_cards,"<[2010.0, 2011.0, 2012.0]>",1,"<[2010.0, 4]; [2011.0, 5]; [2012.0, 5]>",6,24,30,4,0.463977,0.491718,0.000019,0.003458
400,natural_resources,"<[2010.0, 2011.0, 2012.0]>",0,"<[2010.0, 24]; [2011.0, 22]; [2012.0, 19]>",33,17,50,5,0.441379,0.492448,0.000098,0.091756
117,consulting,"<[2010.0, 2011.0, 2012.0]>",5,"<[2010.0, 232]; [2011.0, 271]; [2012.0, 278]>",61,263,324,3,0.67107,0.757546,0.008448,0.029816
491,recycling,"<[2010.0, 2011.0, 2012.0]>",0,"<[2010.0, 17]; [2011.0, 11]; [2012.0, 17]>",51,18,69,4,0.486792,0.538114,0.00016,0.149147
60,brand_marketing,"<[2010.0, 2011.0, 2012.0]>",3,"<[2010.0, 15]; [2011.0, 32]; [2012.0, 27]>",13,108,121,4,0.539883,0.58964,0.000503,0.004997
386,mobile_advertising,"<[2010.0, 2011.0, 2012.0]>",3,"<[2010.0, 6]; [2011.0, 16]; [2012.0, 9]>",50,30,80,5,0.47651,0.533803,0.000249,0.115166
239,fintech,"<[2010.0, 2011.0, 2012.0]>",1,"<[2010.0, 23]; [2011.0, 29]; [2012.0, 36]>",51,84,135,3,0.54848,0.603342,0.00088,0.05517
451,point_of_sale,"<[2011.0, 2012.0]>",1,"<[2011.0, 3]; [2012.0, 2]>",16,5,21,4,0.469314,0.491667,0.000013,0.067789
145,crm,"<[2010.0, 2011.0, 2012.0]>",5,"<[2010.0, 55]; [2011.0, 37]; [2012.0, 60]>",43,139,182,3,0.576048,0.640333,0.002342,0.027369
328,it_infrastructure,"<[2010.0, 2011.0, 2012.0]>",5,"<[2010.0, 18]; [2011.0, 16]; [2012.0, 13]>",40,34,74,4,0.504554,0.544224,0.000128,0.07122
22,angel_investment,"<[2010.0, 2011.0, 2012.0]>",1,"<[2010.0, 7]; [2011.0, 5]; [2012.0, 7]>",1,51,52,4,0.477477,0.514723,0.000093,0.000433
602,venture_capital,"<[2010.0, 2011.0, 2012.0]>",1,"<[2010.0, 51]; [2011.0, 70]; [2012.0, 82]>",200,11,211,3,0.625,0.75,0.001759,0.810658
428,outsourcing,"<[2010.0, 2011.0, 2012.0]>",5,"<[2010.0, 63]; [2011.0, 76]; [2012.0, 69]>",106,40,146,3,0.545455,0.604406,0.001154,0.268108
435,payments,"<[2010.0, 2011.0, 2012.0]>",1,"<[2010.0, 40]; [2011.0, 43]; [2012.0, 35]>",102,37,139,4,0.542208,0.600299,0.002147,0.279019
165,developer_apis,"<[2010.0, 2011.0, 2012.0]>",3,"<[2010.0, 8]; [2011.0, 5]; [2012.0, 5]>",14,42,56,4,0.498368,0.52984,0.000111,0.010778
261,gaming,"<[2010.0, 2011.0, 2012.0]>",3,"<[2010.0, 28]; [2011.0, 32]; [2012.0, 37]>",50,73,123,4,0.539493,0.591851,0.003233,0.050992
87,clean_energy,"<[2010.0, 2011.0, 2012.0]>",0,"<[2010.0, 11]; [2011.0, 9]; [2012.0, 18]>",3,58,61,4,0.505803,0.541109,0.000484,0.00129
279,hardware,"<[2010.0, 2011.0, 2012.0]>",5,"<[2010.0, 171]; [2011.0, 162]; [2012.0, 166]>",105,150,255,3,0.628774,0.70951,0.005984,0.108663
380,military,"<[2010.0, 2011.0]>",0,"<[2010.0, 3]; [2011.0, 3]>",16,8,24,5,0.391555,0.426634,0.000011,0.045465
116,construction,"<[2010.0, 2011.0, 2012.0]>",0,"<[2010.0, 108]; [2011.0, 118]; [2012.0, 128]>",36,139,175,3,0.566815,0.630321,0.001347,0.017811
174,direct_marketing,"<[2010.0, 2011.0, 2012.0]>",3,"<[2010.0, 10]; [2011.0, 10]; [2012.0, 4]>",14,44,58,4,0.506787,0.537388,0.000243,0.013331
152,data_center,"<[2010.0, 2011.0, 2012.0]>",5,"<[2010.0, 11]; [2011.0, 17]; [2012.0, 14]>",19,54,73,4,0.49947,0.53804,0.000157,0.016195
173,digital_signage,"<[2010.0, 2011.0, 2012.0]>",3,"<[2010.0, 3]; [2011.0, 7]; [2012.0, 6]>",12,26,38,4,0.489819,0.513279,0.000055,0.011133
385,mobile,"<[2010.0, 2011.0, 2012.0]>",3,"<[2010.0, 134]; [2011.0, 178]; [2012.0, 187]>",199,126,325,4,0.671554,0.768923,0.013561,0.323251
111,computer,"<[2010.0, 2011.0, 2012.0]>",5,"<[2010.0, 81]; [2011.0, 77]; [2012.0, 82]>",41,175,216,3,0.594878,0.667319,0.002558,0.020756
32,artificial_intelligence,"<[2010.0, 2011.0, 2012.0]>",5,"<[2010.0, 5]; [2011.0, 14]; [2012.0, 9]>",7,70,77,4,0.505677,0.544905,0.000181,0.002563
532,simulation,"<[2011.0, 2012.0]>",5,"<[2011.0, 3]; [2012.0, 2]>",17,4,21,4,0.461078,0.49026,0.000003,0.081772
20,analytics,"<[2010.0, 2011.0, 2012.0]>",5,"<[2010.0, 54]; [2011.0, 84]; [2012.0, 96]>",8,223,231,4,0.597403,0.679069,0.000903,0.002562
106,commercial_real_estate,"<[2010.0, 2011.0, 2012.0]>",1,"<[2010.0, 2]; [2011.0, 11]; [2012.0, 9]>",8,50,58,4,0.50439,0.535622,0.000066,0.004903
280,health_care,"<[2010.0, 2011.0, 2012.0]>",2,"<[2010.0, 330]; [2011.0, 383]; [2012.0, 394]>",138,153,291,3,0.635036,0.717433,0.010615,0.13102
289,home_renovation,"<[2011.0, 2012.0]>",4,"<[2011.0, 3]; [2012.0, 7]>",19,14,33,3,0.487294,0.505624,0.000069,0.038167
384,mmo_games,"<[2010.0, 2011.0]>",3,"<[2010.0, 2]; [2011.0, 2]>",12,9,21,4,0.436673,0.466089,0.000207,0.031439
40,automotive,"<[2010.0, 2011.0, 2012.0]>",0,"<[2010.0, 87]; [2011.0, 106]; [2012.0, 113]>",15,207,222,4,0.59751,0.674334,0.001876,0.005069
172,digital_media,"<[2010.0, 2011.0, 2012.0]>",3,"<[2010.0, 50]; [2011.0, 78]; [2012.0, 95]>",67,164,231,4,0.605898,0.679388,0.004992,0.046655
169,dietary_supplements,"<[2010.0, 2011.0, 2012.0]>",2,"<[2010.0, 3]; [2011.0, 9]; [2012.0, 9]>",7,25,32,4,0.483243,0.507271,0.000023,0.007052
27,apps,"<[2010.0, 2011.0, 2012.0]>",3,"<[2010.0, 27]; [2011.0, 52]; [2012.0, 46]>",10,181,191,3,0.584585,0.651541,0.001098,0.003437
434,parks,"<[2010.0, 2012.0]>",4,"<[2010.0, 1]; [2012.0, 3]>",5,2,7,6,0.311765,0.351887,0.000001,0.006489
488,recreation,"<[2011.0, 2012.0]>",4,"<[2011.0, 2]; [2012.0, 4]>",12,5,17,5,0.377698,0.423492,0.000249,0.021547
276,group_buying,"<[2010.0, 2011.0, 2012.0]>",4,"<[2010.0, 2]; [2011.0, 7]; [2012.0, 3]>",15,21,36,3,0.489985,0.515199,0.000048,0.024785
389,mobile_payments,"<[2010.0, 2011.0, 2012.0]>",1,"<[2010.0, 5]; [2011.0, 8]; [2012.0, 8]>",42,16,58,4,0.450928,0.498039,0.00015,0.10147
443,pharmaceutical,"<[2010.0, 2011.0, 2012.0]>",2,"<[2010.0, 94]; [2011.0, 112]; [2012.0, 96]>",102,34,136,3,0.538961,0.592369,0.002062,0.234793
147,crowdsourcing,"<[2010.0, 2011.0, 2012.0]>",4,"<[2010.0, 3]; [2011.0, 2]; [2012.0, 3]>",7,29,36,5,0.475719,0.504236,0.000039,0.003624
356,location_based_services,"<[2010.0, 2011.0, 2012.0]>",3,"<[2010.0, 6]; [2011.0, 12]; [2012.0, 12]>",51,45,96,3,0.532803,0.576493,0.000525,0.103346
46,banking,"<[2010.0, 2011.0, 2012.0]>",1,"<[2010.0, 60]; [2011.0, 63]; [2012.0, 83]>",12,141,153,4,0.555556,0.616667,0.000856,0.004496
52,bioinformatics,"<[2010.0, 2011.0, 2012.0]>",2,"<[2010.0, 8]; [2011.0, 5]; [2012.0, 1]>",0,20,20,4,0.440887,0.469119,0,0
346,life_science,"<[2010.0, 2011.0, 2012.0]>",2,"<[2010.0, 48]; [2011.0, 42]; [2012.0, 43]>",56,42,98,4,0.509506,0.558769,0.000382,0.091972
21,android,"<[2010.0, 2011.0, 2012.0]>",3,"<[2010.0, 8]; [2011.0, 12]; [2012.0, 15]>",5,92,97,4,0.515337,0.562642,0.000143,0.001761
270,gps,"<[2011.0, 2012.0]>",3,"<[2011.0, 2]; [2012.0, 4]>",6,17,23,6,0.467316,0.496379,0.000009,0.005804
515,search_engine,"<[2010.0, 2011.0, 2012.0]>",3,"<[2010.0, 38]; [2011.0, 44]; [2012.0, 44]>",152,37,189,4,0.586022,0.662844,0.002433,0.465149
341,legal,"<[2010.0, 2011.0, 2012.0]>",5,"<[2010.0, 24]; [2011.0, 22]; [2012.0, 42]>",63,51,114,4,0.525,0.578449,0.000693,0.127098
142,credit,"<[2010.0, 2011.0, 2012.0]>",1,"<[2010.0, 10]; [2011.0, 11]; [2012.0, 9]>",19,53,72,4,0.506864,0.542014,0.000483,0.012672
10,advertising,"<[2010.0, 2011.0, 2012.0]>",3,"<[2010.0, 127]; [2011.0, 174]; [2012.0, 179]>",6,261,267,4,0.630593,0.712734,0.002476,0.001724
552,social_network,"<[2010.0, 2011.0, 2012.0]>",3,"<[2010.0, 14]; [2011.0, 27]; [2012.0, 17]>",114,18,132,4,0.529801,0.594792,0.000982,0.411999
503,retail_technology,"<[2010.0, 2011.0, 2012.0]>",4,"<[2010.0, 6]; [2011.0, 12]; [2012.0, 13]>",93,17,110,4,0.50211,0.54972,0.000503,0.270914
632,web_development,"<[2010.0, 2011.0, 2012.0]>",3,"<[2010.0, 24]; [2011.0, 24]; [2012.0, 36]>",162,3,165,2,0.8,0.875,0.000285,0.749099
287,home_health_care,"<[2010.0, 2011.0, 2012.0]>",2,"<[2010.0, 8]; [2011.0, 10]; [2012.0, 25]>",23,29,52,3,0.49635,0.52598,0.000267,0.039767
318,insurance,"<[2010.0, 2011.0, 2012.0]>",1,"<[2010.0, 92]; [2011.0, 155]; [2012.0, 149]>",80,75,155,3,0.559567,0.616129,0.002968,0.124545
193,electrical_distribution,"<[2010.0, 2011.0, 2012.0]>",0,"<[2010.0, 43]; [2011.0, 36]; [2012.0, 62]>",28,83,111,4,0.533582,0.585664,0.000662,0.02826
296,housekeeping_service,"<[2010.0, 2011.0]>",0,"<[2010.0, 1]; [2011.0, 2]>",9,4,13,4,0.421409,0.44239,0.000011,0.017457
103,commercial,"<[2010.0, 2011.0, 2012.0]>",0,"<[2010.0, 72]; [2011.0, 112]; [2012.0, 86]>",29,152,181,3,0.574586,0.640705,0.00253,0.012862
360,machinery_manufacturing,"<[2010.0, 2011.0, 2012.0]>",0,"<[2010.0, 69]; [2011.0, 93]; [2012.0, 99]>",68,57,125,4,0.525097,0.586091,0.001204,0.137323
597,universities,"<[2010.0, 2011.0, 2012.0]>",2,"<[2010.0, 2]; [2011.0, 2]; [2012.0, 3]>",18,1,19,1,1,1,0.000449,0.072109
646,young_adults,<[2012.0]>,1,"<[2012.0, 1]>",7,0,7,0,0,0,0,0.027794
207,energy_management,"<[2010.0, 2011.0, 2012.0]>",0,"<[2010.0, 15]; [2011.0, 25]; [2012.0, 13]>",21,59,80,3,0.52267,0.561847,0.000308,0.023425
311,industrial_engineering,"<[2010.0, 2011.0, 2012.0]>",0,"<[2010.0, 53]; [2011.0, 82]; [2012.0, 87]>",64,74,138,3,0.539363,0.600932,0.001041,0.089233
209,enterprise,"<[2010.0, 2011.0, 2012.0]>",5,"<[2010.0, 11]; [2011.0, 6]; [2012.0, 9]>",27,48,75,3,0.514321,0.548023,0.000174,0.027004
244,food_and_beverage,"<[2010.0, 2011.0, 2012.0]>",4,"<[2010.0, 84]; [2011.0, 95]; [2012.0, 127]>",72,117,189,3,0.585056,0.654438,0.006105,0.074592
325,internet_radio,"<[2010.0, 2011.0, 2012.0]>",3,"<[2010.0, 1]; [2011.0, 1]; [2012.0, 1]>",12,11,23,3,0.476021,0.496891,0.000012,0.019954
49,big_data,"<[2010.0, 2011.0, 2012.0]>",5,"<[2010.0, 32]; [2011.0, 27]; [2012.0, 35]>",16,145,161,4,0.560804,0.622909,0.001032,0.005817
177,document_management,"<[2010.0, 2011.0, 2012.0]>",5,"<[2010.0, 12]; [2011.0, 17]; [2012.0, 12]>",26,52,78,4,0.51373,0.547884,0.000364,0.02197
246,food_processing,"<[2010.0, 2011.0, 2012.0]>",4,"<[2010.0, 29]; [2011.0, 47]; [2012.0, 58]>",46,55,101,4,0.525148,0.56784,0.002303,0.054595
294,hospitality,"<[2010.0, 2011.0, 2012.0]>",4,"<[2010.0, 26]; [2011.0, 39]; [2012.0, 46]>",66,85,151,3,0.563884,0.623364,0.002835,0.084679
214,environmental_engineering,"<[2010.0, 2011.0, 2012.0]>",0,"<[2010.0, 16]; [2011.0, 18]; [2012.0, 15]>",20,48,68,5,0.489501,0.538382,0.000086,0.021428
268,government,"<[2010.0, 2011.0, 2012.0]>",5,"<[2010.0, 25]; [2011.0, 23]; [2012.0, 27]>",55,82,137,3,0.55625,0.610487,0.000987,0.069351
608,video_conferencing,"<[2010.0, 2011.0, 2012.0]>",3,"<[2010.0, 2]; [2011.0, 4]; [2012.0, 7]>",32,3,35,3,0.529412,0.62963,0.000005,0.198545
633,web_hosting,"<[2010.0, 2011.0, 2012.0]>",5,"<[2010.0, 51]; [2011.0, 63]; [2012.0, 66]>",181,2,183,1,1,1,0.000229,0.832669
354,local_business,"<[2010.0, 2011.0, 2012.0]>",2,"<[2010.0, 4]; [2011.0, 3]; [2012.0, 2]>",21,13,34,4,0.464088,0.492063,0.000074,0.049662
232,file_sharing,"<[2010.0, 2011.0, 2012.0]>",5,"<[2010.0, 3]; [2011.0, 3]; [2012.0, 8]>",17,34,51,4,0.483313,0.517903,0.000141,0.016145
480,publishing,"<[2010.0, 2011.0, 2012.0]>",3,"<[2010.0, 50]; [2011.0, 65]; [2012.0, 64]>",145,50,195,3,0.589958,0.669031,0.002929,0.377343
84,civictech,"<[2010.0, 2011.0]>",0,"<[2010.0, 2]; [2011.0, 1]>",2,10,12,4,0.439551,0.461362,0.000002,0.001253
245,food_delivery,"<[2010.0, 2011.0, 2012.0]>",4,"<[2010.0, 1]; [2011.0, 5]; [2012.0, 18]>",19,34,53,4,0.491034,0.525983,0.000271,0.029968
183,e-commerce,"<[2010.0, 2011.0, 2012.0]>",4,"<[2010.0, 113]; [2011.0, 156]; [2012.0, 192]>",97,233,330,3,0.671687,0.759342,0.015782,0.062928
558,solar,"<[2010.0, 2011.0, 2012.0]>",0,"<[2010.0, 20]; [2011.0, 19]; [2012.0, 15]>",60,10,70,5,0.477477,0.552516,0.000133,0.220149
42,b2b,"<[2010.0, 2011.0, 2012.0]>",3,"<[2010.0, 36]; [2011.0, 48]; [2012.0, 34]>",6,146,152,3,0.565304,0.624339,0.000291,0.002443
369,marketing_automation,"<[2010.0, 2011.0, 2012.0]>",3,"<[2010.0, 14]; [2011.0, 13]; [2012.0, 18]>",63,39,102,3,0.511777,0.562064,0.000606,0.135777
518,sem,"<[2010.0, 2011.0, 2012.0]>",3,"<[2010.0, 6]; [2011.0, 6]; [2012.0, 8]>",41,12,53,4,0.505051,0.544167,0.000098,0.169775
415,oil_and_gas,"<[2010.0, 2011.0, 2012.0]>",0,"<[2010.0, 89]; [2011.0, 131]; [2012.0, 111]>",98,51,149,4,0.535014,0.612565,0.002164,0.245361
472,project_management,"<[2010.0, 2011.0, 2012.0]>",0,"<[2010.0, 12]; [2011.0, 16]; [2012.0, 18]>",81,21,102,4,0.508772,0.554598,0.000546,0.232536
96,cms,"<[2010.0, 2012.0]>",3,"<[2010.0, 2]; [2012.0, 1]>",1,12,13,4,0.442741,0.466056,0,0.000372
573,telecommunications,"<[2010.0, 2011.0, 2012.0]>",3,"<[2010.0, 150]; [2011.0, 133]; [2012.0, 158]>",230,28,258,4,0.653846,0.763072,0.003392,0.792429
167,developer_tools,"<[2010.0, 2011.0, 2012.0]>",3,"<[2010.0, 18]; [2011.0, 17]; [2012.0, 19]>",28,81,109,5,0.521047,0.573217,0.001072,0.020158
238,financial_services,"<[2010.0, 2011.0, 2012.0]>",1,"<[2010.0, 199]; [2011.0, 237]; [2012.0, 283]>",108,191,299,3,0.658784,0.74359,0.009286,0.097058
196,electronics,"<[2010.0, 2011.0, 2012.0]>",0,"<[2010.0, 177]; [2011.0, 183]; [2012.0, 234]>",76,197,273,3,0.644578,0.728193,0.008226,0.060447
314,information_services,"<[2010.0, 2011.0, 2012.0]>",5,"<[2010.0, 120]; [2011.0, 149]; [2012.0, 139]>",131,146,277,3,0.646341,0.728512,0.005686,0.156303
405,news,"<[2010.0, 2011.0, 2012.0]>",3,"<[2010.0, 42]; [2011.0, 38]; [2012.0, 50]>",103,59,162,4,0.55988,0.641711,0.003339,0.248827
475,property_management,"<[2010.0, 2011.0, 2012.0]>",1,"<[2010.0, 7]; [2011.0, 14]; [2012.0, 16]>",46,15,61,4,0.474916,0.518779,0.000185,0.15576
556,software,"<[2010.0, 2011.0, 2012.0]>",5,"<[2010.0, 534]; [2011.0, 570]; [2012.0, 667]>",389,60,449,3,0.817204,0.892544,0.017784,1
504,retirement,<[2010.0]>,1,"<[2010.0, 2]>",9,0,9,0,0,0,0,0.028776
361,management_consulting,"<[2010.0, 2011.0, 2012.0]>",5,"<[2010.0, 27]; [2011.0, 28]; [2012.0, 30]>",73,48,121,3,0.525194,0.575031,0.000885,0.143795
326,ios,"<[2010.0, 2011.0, 2012.0]>",3,"<[2010.0, 15]; [2011.0, 19]; [2012.0, 25]>",69,72,141,3,0.555985,0.616898,0.000978,0.112717
263,geospatial,"<[2010.0, 2011.0, 2012.0]>",5,"<[2010.0, 3]; [2011.0, 3]; [2012.0, 5]>",10,24,34,4,0.460645,0.495331,0.000012,0.01083
630,web_browsers,"<[2010.0, 2011.0, 2012.0]>",3,"<[2010.0, 10]; [2011.0, 7]; [2012.0, 5]>",70,2,72,2,0.666667,0.75,0.000039,0.371544
312,industrial_manufacturing,"<[2010.0, 2011.0, 2012.0]>",0,"<[2010.0, 30]; [2011.0, 41]; [2012.0, 54]>",38,53,91,3,0.52883,0.573209,0.000749,0.06465
300,iaas,"<[2010.0, 2011.0, 2012.0]>",5,"<[2010.0, 2]; [2011.0, 2]; [2012.0, 4]>",8,15,23,3,0.47976,0.501563,0.000007,0.011804
275,grocery,"<[2010.0, 2011.0, 2012.0]>",4,"<[2010.0, 1]; [2011.0, 2]; [2012.0, 3]>",8,12,20,3,0.478673,0.49835,0.000014,0.014358
343,leisure,"<[2010.0, 2011.0, 2012.0]>",4,"<[2010.0, 29]; [2011.0, 44]; [2012.0, 52]>",54,70,124,3,0.551859,0.614066,0.003617,0.107697
166,developer_platform,"<[2010.0, 2011.0, 2012.0]>",5,"<[2010.0, 43]; [2011.0, 28]; [2012.0, 21]>",34,108,142,4,0.55355,0.610688,0.001196,0.025558
589,transportation,"<[2010.0, 2011.0, 2012.0]>",0,"<[2010.0, 49]; [2011.0, 110]; [2012.0, 84]>",174,15,189,3,0.607843,0.72043,0.002328,0.677187
585,trading_platform,"<[2010.0, 2011.0, 2012.0]>",0,"<[2010.0, 3]; [2011.0, 8]; [2012.0, 12]>",58,4,62,4,0.477273,0.551587,0.000033,0.273313
62,broadcasting,"<[2010.0, 2011.0, 2012.0]>",3,"<[2010.0, 22]; [2011.0, 33]; [2012.0, 33]>",11,120,131,4,0.55244,0.607143,0.000434,0.004505
455,precious_metals,"<[2010.0, 2011.0, 2012.0]>",0,"<[2010.0, 15]; [2011.0, 30]; [2012.0, 43]>",57,17,74,4,0.474926,0.520704,0.000283,0.144676
120,consumer_electronics,"<[2010.0, 2011.0, 2012.0]>",0,"<[2010.0, 59]; [2011.0, 104]; [2012.0, 93]>",47,187,234,3,0.612546,0.686412,0.004636,0.025727
416,online_auctions,"<[2010.0, 2011.0, 2012.0]>",4,"<[2010.0, 2]; [2011.0, 5]; [2012.0, 5]>",28,12,40,4,0.458333,0.493845,0.000134,0.093788
24,animation,"<[2010.0, 2011.0]>",3,"<[2010.0, 3]; [2011.0, 1]>",1,13,14,4,0.434669,0.458918,0.000001,0.000387
309,industrial_automation,"<[2010.0, 2011.0, 2012.0]>",0,"<[2010.0, 20]; [2011.0, 23]; [2012.0, 35]>",33,50,83,3,0.527687,0.56893,0.000697,0.056778
323,internet,"<[2010.0, 2011.0, 2012.0]>",3,"<[2010.0, 226]; [2011.0, 230]; [2012.0, 274]>",200,193,393,3,0.729469,0.817881,0.023297,0.224614
149,customer_service,"<[2010.0, 2011.0, 2012.0]>",1,"<[2010.0, 30]; [2011.0, 42]; [2012.0, 44]>",52,111,163,4,0.552723,0.609713,0.002799,0.032215
441,personalization,"<[2011.0, 2012.0]>",3,"<[2011.0, 4]; [2012.0, 3]>",31,15,46,4,0.479495,0.519737,0.000047,0.08748
212,enterprise_software,"<[2010.0, 2011.0, 2012.0]>",5,"<[2010.0, 186]; [2011.0, 273]; [2012.0, 263]>",120,234,354,3,0.694257,0.783049,0.014016,0.092569
281,health_diagnostics,"<[2010.0, 2011.0, 2012.0]>",2,"<[2010.0, 41]; [2011.0, 37]; [2012.0, 34]>",30,42,72,3,0.501466,0.54191,0.000413,0.046318
194,electronic_design_automation_(eda),"<[2010.0, 2011.0, 2012.0]>",5,"<[2010.0, 14]; [2011.0, 9]; [2012.0, 7]>",5,23,28,4,0.477197,0.502137,0.00002,0.005064
190,elder_care,"<[2010.0, 2011.0, 2012.0]>",2,"<[2010.0, 3]; [2011.0, 9]; [2012.0, 8]>",2,12,14,4,0.406537,0.435511,0.000211,0.001212
222,facility_management,"<[2010.0, 2011.0, 2012.0]>",0,"<[2010.0, 5]; [2011.0, 9]; [2012.0, 7]>",13,22,35,4,0.474968,0.502703,0.000181,0.013532
525,service_industry,"<[2010.0, 2011.0, 2012.0]>",0,"<[2010.0, 82]; [2011.0, 94]; [2012.0, 106]>",219,42,261,4,0.617834,0.708763,0.004713,0.677074
547,social_impact,"<[2010.0, 2011.0, 2012.0]>",3,"<[2010.0, 3]; [2011.0, 7]; [2012.0, 2]>",34,7,41,4,0.483333,0.516284,0.000043,0.17596
143,credit_bureau,<[2012.0]>,1,"<[2012.0, 2]>",2,8,10,4,0.4603,0.477855,0,0.001582
4,ad_network,"<[2010.0, 2011.0, 2012.0]>",3,"<[2010.0, 13]; [2011.0, 24]; [2012.0, 17]>",0,98,98,4,0.516949,0.564891,0,0
315,information_technology,"<[2010.0, 2011.0, 2012.0]>",5,"<[2010.0, 447]; [2011.0, 517]; [2012.0, 588]>",218,214,432,3,0.752969,0.837014,0.025965,0.21968
218,events,"<[2010.0, 2011.0, 2012.0]>",3,"<[2010.0, 25]; [2011.0, 27]; [2012.0, 32]>",42,74,116,4,0.532798,0.582705,0.001072,0.046721
30,archiving_service,"<[2010.0, 2011.0]>",5,"<[2010.0, 1]; [2011.0, 1]>",0,7,7,4,0.415923,0.438283,0,0
156,data_storage,"<[2010.0, 2011.0, 2012.0]>",5,"<[2010.0, 11]; [2011.0, 10]; [2012.0, 12]>",24,41,65,4,0.501608,0.530449,0.000263,0.018188
368,marketing,"<[2010.0, 2011.0, 2012.0]>",3,"<[2010.0, 112]; [2011.0, 139]; [2012.0, 160]>",171,109,280,3,0.625935,0.711819,0.008546,0.268587
568,swimming,"<[2010.0, 2011.0, 2012.0]>",0,"<[2010.0, 1]; [2011.0, 4]; [2012.0, 2]>",7,1,8,3,0.5,0.583333,0,0.033443
340,leasing,"<[2010.0, 2011.0, 2012.0]>",0,"<[2010.0, 2]; [2011.0, 5]; [2012.0, 2]>",16,18,34,4,0.483245,0.510645,0.000021,0.042516
452,politics,"<[2011.0, 2012.0]>",3,"<[2011.0, 2]; [2012.0, 1]>",9,4,13,5,0.364754,0.396442,0.000001,0.036317
550,social_media_management,"<[2010.0, 2011.0, 2012.0]>",3,"<[2010.0, 2]; [2011.0, 6]; [2012.0, 6]>",38,6,44,4,0.476744,0.509146,0.000037,0.159185
553,social_news,"<[2010.0, 2011.0, 2012.0]>",3,"<[2010.0, 1]; [2011.0, 3]; [2012.0, 2]>",22,2,24,4,0.461078,0.481602,0.000006,0.152451
170,digital_entertainment,"<[2010.0, 2011.0, 2012.0]>",3,"<[2010.0, 16]; [2011.0, 23]; [2012.0, 21]>",27,88,115,4,0.545998,0.592451,0.00139,0.017594
610,video_games,"<[2010.0, 2011.0, 2012.0]>",3,"<[2010.0, 12]; [2011.0, 17]; [2012.0, 24]>",80,9,89,3,0.666667,0.770833,0.000425,0.383686
394,music_education,<[2011.0]>,4,"<[2011.0, 1]>",2,2,4,5,0.401869,0.425969,0,0.014191
396,musical_instruments,<[2011.0]>,4,"<[2011.0, 1]>",3,1,4,5,0.4,0.421484,0,0.014831
65,building_material,"<[2010.0, 2011.0, 2012.0]>",0,"<[2010.0, 37]; [2011.0, 44]; [2012.0, 68]>",12,85,97,3,0.531062,0.572956,0.000552,0.004575
77,catering,"<[2010.0, 2011.0, 2012.0]>",4,"<[2010.0, 4]; [2011.0, 5]; [2012.0, 2]>",3,23,26,4,0.464764,0.490883,0.000006,0.001423
58,blockchain,"<[2011.0, 2012.0]>",1,"<[2011.0, 2]; [2012.0, 1]>",3,19,22,4,0.464161,0.486503,0.00001,0.001625
587,transaction_processing,"<[2010.0, 2011.0, 2012.0]>",1,"<[2010.0, 4]; [2011.0, 8]; [2012.0, 5]>",48,2,50,4,0.4,0.462963,0.000015,0.251274
375,medical_device,"<[2010.0, 2011.0, 2012.0]>",2,"<[2010.0, 90]; [2011.0, 73]; [2012.0, 107]>",76,47,123,4,0.515892,0.585308,0.000951,0.175095
471,professional_services,"<[2010.0, 2011.0, 2012.0]>",5,"<[2010.0, 102]; [2011.0, 124]; [2012.0, 135]>",156,50,206,4,0.575646,0.651175,0.004695,0.371909
258,furniture,"<[2010.0, 2011.0, 2012.0]>",0,"<[2010.0, 4]; [2011.0, 16]; [2012.0, 7]>",16,30,46,3,0.5,0.528169,0.000104,0.020548
112,computer_vision,"<[2010.0, 2011.0, 2012.0]>",5,"<[2010.0, 3]; [2011.0, 1]; [2012.0, 1]>",8,14,22,4,0.45049,0.47504,0.000015,0.005089
80,chemical,"<[2010.0, 2011.0, 2012.0]>",0,"<[2010.0, 60]; [2011.0, 82]; [2012.0, 84]>",18,125,143,3,0.550209,0.609632,0.001271,0.007144
590,travel,"<[2010.0, 2011.0, 2012.0]>",4,"<[2010.0, 28]; [2011.0, 46]; [2012.0, 59]>",132,7,139,3,0.586207,0.686275,0.000697,0.556498
373,media_and_entertainment,"<[2010.0, 2011.0, 2012.0]>",3,"<[2010.0, 59]; [2011.0, 61]; [2012.0, 78]>",114,78,192,3,0.574879,0.652661,0.005583,0.208065
66,business_development,"<[2010.0, 2011.0, 2012.0]>",5,"<[2010.0, 38]; [2011.0, 36]; [2012.0, 40]>",21,164,185,3,0.58147,0.646825,0.00129,0.008225
12,advice,"<[2010.0, 2011.0, 2012.0]>",5,"<[2010.0, 12]; [2011.0, 10]; [2012.0, 15]>",2,71,73,5,0.495451,0.538175,0.000018,0.000662
121,consumer_goods,"<[2010.0, 2011.0, 2012.0]>",0,"<[2010.0, 65]; [2011.0, 86]; [2012.0, 82]>",40,139,179,5,0.567916,0.636151,0.002811,0.022227
34,assistive_technology,<[2012.0]>,0,"<[2012.0, 1]>",0,5,5,4,0.401125,0.421844,0,0
637,wholesale,"<[2010.0, 2011.0, 2012.0]>",0,"<[2010.0, 39]; [2011.0, 58]; [2012.0, 59]>",112,2,114,2,0.75,0.833333,0.000303,0.516221
291,homeland_security,"<[2010.0, 2011.0, 2012.0]>",5,"<[2010.0, 17]; [2011.0, 18]; [2012.0, 11]>",16,23,39,5,0.481322,0.510796,0.000096,0.031162
184,e-commerce_platforms,"<[2010.0, 2011.0, 2012.0]>",4,"<[2010.0, 2]; [2011.0, 6]; [2012.0, 6]>",19,42,61,3,0.508621,0.539548,0.000083,0.019467
150,cyber_security,"<[2010.0, 2011.0, 2012.0]>",5,"<[2010.0, 37]; [2011.0, 35]; [2012.0, 42]>",36,111,147,3,0.555164,0.611346,0.001749,0.025872
619,virtualization,"<[2010.0, 2011.0, 2012.0]>",5,"<[2010.0, 27]; [2011.0, 21]; [2012.0, 34]>",90,4,94,2,0.833333,0.9,0.000139,0.407082
353,local_advertising,"<[2010.0, 2012.0]>",3,"<[2010.0, 2]; [2012.0, 2]>",9,10,19,4,0.41791,0.450397,0.000003,0.028559
483,quantum_computing,"<[2010.0, 2011.0, 2012.0]>",5,"<[2010.0, 12]; [2011.0, 6]; [2012.0, 5]>",38,12,50,4,0.477966,0.514184,0.000067,0.114137
510,sales,"<[2010.0, 2011.0, 2012.0]>",0,"<[2010.0, 12]; [2011.0, 20]; [2012.0, 16]>",69,13,82,4,0.482456,0.52803,0.000318,0.233677
41,autonomous_vehicles,"<[2010.0, 2011.0, 2012.0]>",0,"<[2010.0, 4]; [2011.0, 2]; [2012.0, 3]>",4,25,29,4,0.4419,0.473129,0.000019,0.001634
469,productivity_tools,"<[2010.0, 2011.0, 2012.0]>",5,"<[2010.0, 2]; [2011.0, 1]; [2012.0, 1]>",11,3,14,4,0.428571,0.453488,0.00001,0.021529
298,human_resources,"<[2010.0, 2011.0, 2012.0]>",1,"<[2010.0, 41]; [2011.0, 42]; [2012.0, 67]>",59,72,131,3,0.558261,0.609553,0.001285,0.081837
635,wedding,<[2011.0]>,3,"<[2011.0, 3]>",13,0,13,0,0,0,0,0.09353
6,ad_server,<[2011.0]>,3,"<[2011.0, 1]>",1,5,6,5,0.415469,0.436216,0,0.000275
11,advertising_platforms,"<[2010.0, 2011.0, 2012.0]>",3,"<[2010.0, 12]; [2011.0, 18]; [2012.0, 10]>",5,105,110,4,0.527656,0.576123,0.000384,0.001543
221,facilities_support_services,"<[2010.0, 2011.0, 2012.0]>",0,"<[2010.0, 8]; [2011.0, 8]; [2012.0, 18]>",18,47,65,3,0.508219,0.547619,0.000737,0.021131
370,marketplace,"<[2010.0, 2011.0, 2012.0]>",4,"<[2010.0, 14]; [2011.0, 23]; [2012.0, 28]>",84,59,143,3,0.551963,0.613668,0.001527,0.173427
487,real_time,"<[2010.0, 2011.0, 2012.0]>",3,"<[2010.0, 9]; [2011.0, 15]; [2012.0, 13]>",89,29,118,4,0.549356,0.60612,0.000605,0.243198
269,govtech,"<[2010.0, 2011.0, 2012.0]>",5,"<[2010.0, 4]; [2011.0, 1]; [2012.0, 8]>",16,17,33,4,0.484722,0.505969,0.000022,0.031471
185,e-learning,"<[2010.0, 2011.0, 2012.0]>",1,"<[2010.0, 11]; [2011.0, 12]; [2012.0, 6]>",7,39,46,4,0.494869,0.52669,0.000065,0.010879
199,embedded_software,"<[2010.0, 2011.0, 2012.0]>",5,"<[2010.0, 2]; [2011.0, 3]; [2012.0, 1]>",10,19,29,4,0.446927,0.477917,0.000075,0.009184
227,fashion,"<[2010.0, 2011.0, 2012.0]>",4,"<[2010.0, 36]; [2011.0, 48]; [2012.0, 49]>",44,86,130,3,0.550345,0.602339,0.002278,0.04282
253,fruit,"<[2011.0, 2012.0]>",0,"<[2011.0, 1]; [2012.0, 1]>",1,3,4,4,0.36828,0.388078,0,0.003099
7,ad_targeting,"<[2010.0, 2011.0, 2012.0]>",3,"<[2010.0, 4]; [2011.0, 1]; [2012.0, 4]>",1,38,39,5,0.479084,0.507468,0.000021,0.000293
549,social_media_advertising,"<[2010.0, 2011.0, 2012.0]>",3,"<[2010.0, 2]; [2011.0, 4]; [2012.0, 5]>",31,5,36,4,0.463687,0.49498,0.000082,0.14787
130,content_discovery,"<[2010.0, 2011.0, 2012.0]>",3,"<[2010.0, 1]; [2011.0, 5]; [2012.0, 3]>",4,17,21,4,0.452336,0.477101,0.000002,0.002495
171,digital_marketing,"<[2010.0, 2011.0, 2012.0]>",3,"<[2010.0, 31]; [2011.0, 25]; [2012.0, 30]>",42,91,133,4,0.538553,0.591043,0.001365,0.030914
97,coffee,"<[2010.0, 2011.0, 2012.0]>",4,"<[2010.0, 4]; [2011.0, 6]; [2012.0, 7]>",3,24,27,4,0.4566,0.484488,0.000016,0.001398
570,tea,<[2012.0]>,4,"<[2012.0, 1]>",4,0,4,0,0,0,0,0.023507
88,cleantech,"<[2010.0, 2011.0, 2012.0]>",0,"<[2010.0, 7]; [2011.0, 5]; [2012.0, 6]>",6,44,50,4,0.490584,0.522073,0.0004,0.002759
624,waste_management,"<[2010.0, 2011.0, 2012.0]>",0,"<[2010.0, 19]; [2011.0, 18]; [2012.0, 14]>",61,2,63,3,0.545455,0.638889,0.000037,0.288061
155,data_mining,"<[2010.0, 2011.0, 2012.0]>",1,"<[2010.0, 5]; [2011.0, 7]; [2012.0, 5]>",10,40,50,4,0.502165,0.530891,0.000054,0.006117
616,virtual_reality,"<[2010.0, 2011.0, 2012.0]>",5,"<[2010.0, 6]; [2011.0, 8]; [2012.0, 11]>",77,3,80,2,0.6,0.666667,0.00021,0.363494
316,infrastructure,"<[2010.0, 2011.0, 2012.0]>",0,"<[2010.0, 41]; [2011.0, 42]; [2012.0, 47]>",68,73,141,3,0.548161,0.607029,0.000868,0.104357
284,higher_education,"<[2010.0, 2011.0, 2012.0]>",1,"<[2010.0, 2]; [2011.0, 3]; [2012.0, 3]>",7,11,18,4,0.467836,0.488802,0.000223,0.010823
387,mobile_apps,"<[2010.0, 2011.0, 2012.0]>",3,"<[2010.0, 14]; [2011.0, 29]; [2012.0, 26]>",95,57,152,4,0.54712,0.620415,0.001329,0.195308
551,social_media_marketing,"<[2010.0, 2011.0, 2012.0]>",3,"<[2010.0, 15]; [2011.0, 17]; [2012.0, 23]>",82,12,94,4,0.503106,0.552469,0.000181,0.312707
308,industrial,"<[2010.0, 2011.0, 2012.0]>",0,"<[2010.0, 115]; [2011.0, 161]; [2012.0, 151]>",82,112,194,3,0.589837,0.665641,0.002904,0.104449
418,online_games,"<[2010.0, 2011.0, 2012.0]>",3,"<[2010.0, 12]; [2011.0, 11]; [2012.0, 9]>",45,19,64,4,0.439394,0.492816,0.0002,0.126563
240,fitness,"<[2010.0, 2011.0, 2012.0]>",2,"<[2010.0, 10]; [2011.0, 16]; [2012.0, 16]>",28,53,81,4,0.522039,0.560906,0.000576,0.034682
101,collection_agency,<[2011.0]>,1,"<[2011.0, 1]>",0,4,4,5,0.418564,0.440342,0,0
456,predictive_analytics,"<[2010.0, 2011.0, 2012.0]>",5,"<[2010.0, 2]; [2011.0, 9]; [2012.0, 8]>",40,18,58,4,0.468208,0.518519,0.000166,0.122143
555,social_shopping,<[2012.0]>,4,"<[2012.0, 2]>",10,0,10,0,0,0,0,0.060411
349,lingerie,"<[2011.0, 2012.0]>",4,"<[2011.0, 1]; [2012.0, 1]>",1,3,4,4,0.426752,0.448383,0,0.001939
576,textiles,"<[2010.0, 2011.0, 2012.0]>",4,"<[2010.0, 21]; [2011.0, 25]; [2012.0, 16]>",69,12,81,3,0.512195,0.603175,0.000405,0.303148
55,biopharma,"<[2010.0, 2011.0, 2012.0]>",2,"<[2010.0, 20]; [2011.0, 21]; [2012.0, 22]>",4,46,50,4,0.483784,0.517846,0.00008,0.001342
348,lighting,"<[2010.0, 2011.0, 2012.0]>",0,"<[2010.0, 16]; [2011.0, 18]; [2012.0, 15]>",36,26,62,4,0.468376,0.509428,0.000093,0.089792
131,content_marketing,"<[2010.0, 2011.0, 2012.0]>",3,"<[2010.0, 3]; [2011.0, 6]; [2012.0, 8]>",14,42,56,4,0.489339,0.523602,0.000138,0.009229
595,tv_production,"<[2010.0, 2011.0, 2012.0]>",3,"<[2010.0, 6]; [2011.0, 4]; [2012.0, 7]>",44,4,48,4,0.47619,0.530556,0.00002,0.238256
109,communities,"<[2010.0, 2011.0, 2012.0]>",3,"<[2010.0, 19]; [2011.0, 25]; [2012.0, 28]>",23,137,160,3,0.569061,0.629126,0.001882,0.011544
228,fast-moving_consumer_goods,"<[2010.0, 2011.0, 2012.0]>",4,"<[2010.0, 3]; [2011.0, 7]; [2012.0, 1]>",9,16,25,4,0.474903,0.49729,0.000023,0.010198
502,retail,"<[2010.0, 2011.0, 2012.0]>",4,"<[2010.0, 107]; [2011.0, 143]; [2012.0, 154]>",248,65,313,4,0.661458,0.752625,0.012558,0.583299
447,physical_security,"<[2010.0, 2011.0, 2012.0]>",5,"<[2010.0, 3]; [2011.0, 2]; [2012.0, 1]>",15,3,18,5,0.39206,0.424473,0.000084,0.055364
479,public_transportation,"<[2010.0, 2011.0, 2012.0]>",0,"<[2010.0, 8]; [2011.0, 5]; [2012.0, 7]>",33,13,46,4,0.459283,0.502364,0.000121,0.113316
274,greentech,"<[2010.0, 2011.0, 2012.0]>",0,"<[2010.0, 1]; [2011.0, 1]; [2012.0, 6]>",14,20,34,3,0.465955,0.494747,0.000067,0.020042
470,professional_networking,"<[2011.0, 2012.0]>",3,"<[2011.0, 3]; [2012.0, 4]>",14,9,23,4,0.446023,0.480892,0.000005,0.036775
15,agriculture,"<[2010.0, 2011.0, 2012.0]>",0,"<[2010.0, 30]; [2011.0, 59]; [2012.0, 61]>",2,127,129,4,0.542831,0.596761,0.000165,0.000605
605,video,"<[2010.0, 2011.0, 2012.0]>",3,"<[2010.0, 37]; [2011.0, 55]; [2012.0, 53]>",170,13,183,2,0.76,0.842105,0.000762,0.617123
93,cloud_management,"<[2010.0, 2011.0, 2012.0]>",5,"<[2010.0, 10]; [2011.0, 10]; [2012.0, 12]>",8,59,67,4,0.483395,0.526718,0.000037,0.004456
410,nuclear,"<[2010.0, 2012.0]>",0,"<[2010.0, 1]; [2012.0, 2]>",7,4,11,5,0.377953,0.408247,0.000001,0.018002
301,identity_management,"<[2010.0, 2011.0, 2012.0]>",5,"<[2010.0, 13]; [2011.0, 7]; [2012.0, 11]>",42,50,92,3,0.529801,0.570833,0.000468,0.067895
490,recruiting,"<[2010.0, 2011.0, 2012.0]>",1,"<[2010.0, 27]; [2011.0, 27]; [2012.0, 41]>",78,21,99,4,0.507874,0.560724,0.000704,0.230824
74,career_planning,"<[2010.0, 2011.0, 2012.0]>",5,"<[2010.0, 5]; [2011.0, 7]; [2012.0, 9]>",5,49,54,4,0.494424,0.527412,0.00006,0.002214
203,employee_benefits,"<[2010.0, 2011.0, 2012.0]>",1,"<[2010.0, 14]; [2011.0, 24]; [2012.0, 25]>",9,27,36,4,0.467195,0.499798,0.000053,0.007062
205,energy,"<[2010.0, 2011.0, 2012.0]>",0,"<[2010.0, 119]; [2011.0, 168]; [2012.0, 170]>",47,126,173,3,0.576341,0.644391,0.002494,0.042273
454,power_grid,"<[2010.0, 2011.0, 2012.0]>",0,"<[2010.0, 2]; [2011.0, 5]; [2012.0, 3]>",24,7,31,5,0.382789,0.423385,0.000017,0.083301
352,local,"<[2010.0, 2011.0, 2012.0]>",3,"<[2010.0, 8]; [2011.0, 9]; [2012.0, 12]>",50,44,94,4,0.493601,0.550617,0.000868,0.100853
108,communications_infrastructure,"<[2010.0, 2011.0, 2012.0]>",3,"<[2010.0, 33]; [2011.0, 43]; [2012.0, 36]>",23,121,144,4,0.556034,0.611919,0.000835,0.011909
162,delivery,"<[2010.0, 2011.0, 2012.0]>",4,"<[2010.0, 12]; [2011.0, 14]; [2012.0, 19]>",24,74,98,4,0.534884,0.575543,0.000626,0.017444
129,content_delivery_network,"<[2010.0, 2011.0, 2012.0]>",3,"<[2010.0, 1]; [2011.0, 4]; [2012.0, 4]>",5,34,39,4,0.487856,0.516955,0.000029,0.004328
399,natural_language_processing,"<[2010.0, 2011.0, 2012.0]>",3,"<[2010.0, 3]; [2011.0, 1]; [2012.0, 2]>",16,10,26,5,0.408759,0.45754,0.000038,0.058407
643,wireless,"<[2010.0, 2011.0, 2012.0]>",3,"<[2010.0, 68]; [2011.0, 64]; [2012.0, 70]>",182,0,182,0,0,0,0,0.868955
468,product_search,"<[2010.0, 2012.0]>",3,"<[2010.0, 2]; [2012.0, 2]>",12,5,17,4,0.468864,0.491536,0.000001,0.0544
586,training,"<[2010.0, 2011.0, 2012.0]>",5,"<[2010.0, 39]; [2011.0, 38]; [2012.0, 32]>",105,7,112,4,0.419753,0.514706,0.000848,0.476996
538,smart_home,"<[2010.0, 2011.0, 2012.0]>",0,"<[2010.0, 2]; [2011.0, 3]; [2012.0, 2]>",23,1,24,4,0.452941,0.470779,0,0.113665
13,aerospace,"<[2010.0, 2011.0, 2012.0]>",0,"<[2010.0, 38]; [2011.0, 69]; [2012.0, 74]>",3,114,117,4,0.534452,0.584573,0.000823,0.000825
382,mining,"<[2010.0, 2011.0, 2012.0]>",0,"<[2010.0, 40]; [2011.0, 43]; [2012.0, 34]>",48,26,74,4,0.467706,0.521429,0.000514,0.12492
337,law_enforcement,"<[2010.0, 2011.0, 2012.0]>",5,"<[2010.0, 2]; [2011.0, 3]; [2012.0, 6]>",20,17,37,4,0.460504,0.492701,0.000052,0.04998
197,email,"<[2010.0, 2011.0, 2012.0]>",3,"<[2010.0, 19]; [2011.0, 14]; [2012.0, 20]>",39,76,115,4,0.521465,0.575262,0.000544,0.034147
473,property_development,"<[2011.0, 2012.0]>",1,"<[2011.0, 1]; [2012.0, 7]>",14,6,20,4,0.41691,0.448718,0.000017,0.043659
54,biometrics,"<[2010.0, 2011.0, 2012.0]>",0,"<[2010.0, 5]; [2011.0, 6]; [2012.0, 10]>",1,35,36,4,0.478183,0.506828,0.000007,0.000423
485,real_estate,"<[2010.0, 2011.0, 2012.0]>",1,"<[2010.0, 56]; [2011.0, 73]; [2012.0, 90]>",148,46,194,4,0.579167,0.656475,0.004775,0.404968
467,product_research,"<[2010.0, 2011.0, 2012.0]>",0,"<[2010.0, 7]; [2011.0, 5]; [2012.0, 7]>",25,7,32,4,0.409922,0.444798,0.000109,0.094315
347,lifestyle,"<[2010.0, 2011.0, 2012.0]>",4,"<[2010.0, 22]; [2011.0, 32]; [2012.0, 38]>",60,59,119,4,0.534483,0.592294,0.001953,0.107941
530,shopping,"<[2010.0, 2011.0, 2012.0]>",4,"<[2010.0, 22]; [2011.0, 23]; [2012.0, 25]>",107,23,130,4,0.555556,0.619444,0.001504,0.367885
546,social_entrepreneurship,"<[2010.0, 2012.0]>",3,"<[2010.0, 1]; [2012.0, 1]>",11,3,14,5,0.39726,0.431418,0.000002,0.032794
408,nightlife,<[2011.0]>,3,"<[2011.0, 1]>",6,3,9,5,0.384615,0.413077,0,0.01935
501,restaurants,"<[2010.0, 2011.0, 2012.0]>",4,"<[2010.0, 9]; [2011.0, 28]; [2012.0, 28]>",83,27,110,4,0.53527,0.592377,0.001646,0.238455
594,tv,"<[2010.0, 2011.0, 2012.0]>",3,"<[2010.0, 12]; [2011.0, 13]; [2012.0, 17]>",72,8,80,4,0.525424,0.604839,0.000131,0.403318
67,business_information_systems,"<[2010.0, 2011.0, 2012.0]>",5,"<[2010.0, 19]; [2011.0, 11]; [2012.0, 13]>",9,78,87,4,0.511407,0.556227,0.000188,0.00425
89,clinical_trials,"<[2010.0, 2011.0, 2012.0]>",2,"<[2010.0, 10]; [2011.0, 14]; [2012.0, 11]>",8,23,31,4,0.472398,0.495849,0.000072,0.004343
137,coupons,"<[2010.0, 2011.0, 2012.0]>",4,"<[2010.0, 6]; [2011.0, 8]; [2012.0, 7]>",8,43,51,5,0.49177,0.525872,0.000049,0.005832
98,collaboration,"<[2010.0, 2011.0, 2012.0]>",5,"<[2010.0, 47]; [2011.0, 44]; [2012.0, 43]>",31,140,171,4,0.565689,0.628439,0.001843,0.014411
366,marine_transportation,"<[2010.0, 2011.0, 2012.0]>",0,"<[2010.0, 6]; [2011.0, 4]; [2012.0, 2]>",22,17,39,4,0.442708,0.481046,0.000891,0.063554
324,internet_of_things,"<[2010.0, 2011.0, 2012.0]>",3,"<[2010.0, 24]; [2011.0, 30]; [2012.0, 21]>",74,78,152,4,0.558317,0.624144,0.001517,0.133491
79,charity,"<[2010.0, 2011.0, 2012.0]>",3,"<[2010.0, 1]; [2011.0, 3]; [2012.0, 1]>",2,25,27,4,0.472961,0.497255,0.000008,0.000708
493,religion,<[2010.0]>,3,"<[2010.0, 1]>",4,2,6,5,0.381579,0.411303,0,0.012636
497,reputation,"<[2010.0, 2011.0]>",3,"<[2010.0, 2]; [2011.0, 3]>",13,10,23,4,0.460993,0.498718,0.000018,0.034169
285,home_and_garden,"<[2010.0, 2011.0, 2012.0]>",4,"<[2010.0, 1]; [2011.0, 2]; [2012.0, 9]>",17,22,39,5,0.489146,0.515631,0.000182,0.024845
288,home_improvement,"<[2010.0, 2011.0, 2012.0]>",4,"<[2010.0, 2]; [2011.0, 3]; [2012.0, 7]>",21,13,34,5,0.464632,0.488408,0.000089,0.039111
36,auctions,"<[2010.0, 2011.0, 2012.0]>",4,"<[2010.0, 1]; [2011.0, 8]; [2012.0, 5]>",4,45,49,4,0.491929,0.521157,0.000068,0.001476
436,pc_games,"<[2010.0, 2011.0, 2012.0]>",3,"<[2010.0, 3]; [2011.0, 7]; [2012.0, 9]>",30,10,40,4,0.429429,0.472028,0.000859,0.105001
419,online_portals,"<[2010.0, 2011.0, 2012.0]>",3,"<[2010.0, 22]; [2011.0, 16]; [2012.0, 26]>",103,48,151,4,0.565359,0.631503,0.001658,0.242083
625,water,"<[2010.0, 2011.0, 2012.0]>",0,"<[2010.0, 20]; [2011.0, 11]; [2012.0, 21]>",67,4,71,2,0.833333,0.9,0.000182,0.328995
17,air_transportation,"<[2010.0, 2011.0, 2012.0]>",0,"<[2010.0, 6]; [2011.0, 10]; [2012.0, 15]>",2,57,59,4,0.494854,0.529896,0.000216,0.000605
548,social_media,"<[2010.0, 2011.0, 2012.0]>",3,"<[2010.0, 47]; [2011.0, 78]; [2012.0, 81]>",195,37,232,4,0.605634,0.702519,0.004902,0.58728
403,network_security,"<[2010.0, 2011.0, 2012.0]>",5,"<[2010.0, 25]; [2011.0, 31]; [2012.0, 28]>",89,38,127,4,0.515873,0.576496,0.001261,0.205873
439,personal_finance,"<[2010.0, 2011.0, 2012.0]>",1,"<[2010.0, 4]; [2011.0, 5]; [2012.0, 5]>",25,10,35,4,0.446575,0.484663,0.000077,0.081281
401,navigation,"<[2010.0, 2011.0, 2012.0]>",5,"<[2010.0, 16]; [2011.0, 15]; [2012.0, 16]>",61,26,87,5,0.492147,0.543174,0.000473,0.159998
446,photography,"<[2010.0, 2011.0, 2012.0]>",3,"<[2010.0, 5]; [2011.0, 8]; [2012.0, 12]>",61,26,87,4,0.496689,0.556667,0.000877,0.193412
37,audio,"<[2010.0, 2011.0, 2012.0]>",3,"<[2010.0, 7]; [2011.0, 13]; [2012.0, 9]>",6,63,69,4,0.503051,0.539573,0.000251,0.002274
189,education,"<[2010.0, 2011.0, 2012.0]>",1,"<[2010.0, 50]; [2011.0, 69]; [2012.0, 61]>",58,133,191,3,0.585598,0.651585,0.003683,0.046621
406,nfc,"<[2010.0, 2011.0, 2012.0]>",5,"<[2010.0, 3]; [2011.0, 2]; [2012.0, 2]>",17,8,25,4,0.435233,0.469246,0.000009,0.06526
226,farming,"<[2010.0, 2011.0, 2012.0]>",0,"<[2010.0, 5]; [2011.0, 15]; [2012.0, 12]>",9,27,36,4,0.467609,0.50021,0.000491,0.005313
577,theatre,<[2011.0]>,3,"<[2011.0, 2]>",10,4,14,4,0.387097,0.449074,0.000004,0.062998
125,consumer_software,"<[2010.0, 2011.0, 2012.0]>",5,"<[2010.0, 5]; [2011.0, 2]; [2012.0, 1]>",3,26,29,4,0.470238,0.498066,0.000066,0.003322
114,confectionery,"<[2010.0, 2011.0]>",4,"<[2010.0, 1]; [2011.0, 2]>",0,9,9,6,0.431233,0.456344,0,0
631,web_design,"<[2010.0, 2011.0, 2012.0]>",3,"<[2010.0, 21]; [2011.0, 24]; [2012.0, 28]>",130,4,134,2,0.833333,0.9,0.000189,0.604899
247,food_trucks,<[2011.0]>,4,"<[2011.0, 1]>",1,2,3,5,0.401254,0.425391,0,0.003099
313,information_and_communications_technology_(ict),"<[2010.0, 2011.0, 2012.0]>",3,"<[2010.0, 7]; [2011.0, 10]; [2012.0, 10]>",22,30,52,3,0.508772,0.537095,0.000059,0.031403
393,music,"<[2010.0, 2011.0, 2012.0]>",3,"<[2010.0, 16]; [2011.0, 19]; [2012.0, 25]>",68,40,108,4,0.509186,0.576031,0.000866,0.1699
200,embedded_systems,"<[2010.0, 2011.0, 2012.0]>",3,"<[2010.0, 9]; [2011.0, 4]; [2012.0, 1]>",12,15,27,4,0.465879,0.489906,0.000009,0.013131
39,auto_insurance,"<[2010.0, 2011.0, 2012.0]>",1,"<[2010.0, 6]; [2011.0, 6]; [2012.0, 8]>",1,29,30,4,0.454689,0.484547,0.000018,0.00032
612,video_streaming,"<[2010.0, 2011.0, 2012.0]>",3,"<[2010.0, 11]; [2011.0, 22]; [2012.0, 16]>",102,5,107,2,0.727273,0.8125,0.000555,0.460119
359,machine_learning,"<[2010.0, 2011.0, 2012.0]>",5,"<[2010.0, 2]; [2011.0, 4]; [2012.0, 5]>",33,25,58,4,0.479789,0.516789,0.00015,0.068648
442,pet,"<[2010.0, 2011.0, 2012.0]>",4,"<[2010.0, 2]; [2011.0, 4]; [2012.0, 6]>",15,6,21,4,0.42602,0.457086,0.000024,0.04636
440,personal_health,"<[2010.0, 2011.0, 2012.0]>",2,"<[2010.0, 13]; [2011.0, 9]; [2012.0, 14]>",39,14,53,4,0.471751,0.508483,0.000214,0.110594
146,crowdfunding,"<[2010.0, 2011.0, 2012.0]>",1,"<[2010.0, 4]; [2011.0, 1]; [2012.0, 7]>",13,28,41,4,0.483766,0.510067,0.000034,0.008685
461,privacy,"<[2010.0, 2011.0, 2012.0]>",5,"<[2010.0, 17]; [2011.0, 21]; [2012.0, 9]>",40,11,51,4,0.47432,0.5069,0.000445,0.11479
81,chemical_engineering,"<[2010.0, 2011.0, 2012.0]>",0,"<[2010.0, 5]; [2011.0, 6]; [2012.0, 8]>",5,24,29,4,0.455357,0.484804,0.000005,0.002449
206,energy_efficiency,"<[2010.0, 2011.0, 2012.0]>",0,"<[2010.0, 11]; [2011.0, 27]; [2012.0, 34]>",24,69,93,4,0.503623,0.559353,0.000363,0.024256
364,mapping_services,"<[2010.0, 2011.0, 2012.0]>",5,"<[2010.0, 2]; [2011.0, 6]; [2012.0, 5]>",26,20,46,4,0.468401,0.50463,0.000059,0.067171
626,water_purification,"<[2010.0, 2011.0, 2012.0]>",0,"<[2010.0, 7]; [2011.0, 6]; [2012.0, 5]>",41,0,41,0,0,0,0,0.212256
566,supply_chain_management,"<[2010.0, 2011.0, 2012.0]>",0,"<[2010.0, 43]; [2011.0, 57]; [2012.0, 58]>",133,13,146,4,0.522523,0.590517,0.000491,0.492738
542,soccer,"<[2010.0, 2011.0, 2012.0]>",3,"<[2010.0, 2]; [2011.0, 3]; [2012.0, 3]>",11,4,15,6,0.409722,0.461017,0.000004,0.056075
124,consumer_reviews,"<[2010.0, 2011.0, 2012.0]>",3,"<[2010.0, 2]; [2011.0, 3]; [2012.0, 1]>",8,32,40,5,0.483316,0.512448,0.000016,0.008536
582,tourism,"<[2010.0, 2011.0, 2012.0]>",4,"<[2010.0, 15]; [2011.0, 28]; [2012.0, 30]>",83,10,93,3,0.52381,0.616162,0.00049,0.404477
303,impact_investing,"<[2010.0, 2011.0, 2012.0]>",1,"<[2010.0, 8]; [2011.0, 9]; [2012.0, 7]>",23,30,53,3,0.506998,0.535276,0.000075,0.037032
484,railroad,"<[2010.0, 2011.0, 2012.0]>",0,"<[2010.0, 10]; [2011.0, 17]; [2012.0, 8]>",45,10,55,4,0.472973,0.505357,0.000124,0.134877
254,fuel,"<[2010.0, 2011.0, 2012.0]>",0,"<[2010.0, 4]; [2011.0, 11]; [2012.0, 8]>",12,16,28,4,0.467143,0.493374,0.00013,0.020632
638,wind_energy,"<[2010.0, 2011.0, 2012.0]>",0,"<[2010.0, 3]; [2011.0, 1]; [2012.0, 6]>",19,0,19,0,0,0,0,0.093671
367,market_research,"<[2010.0, 2011.0, 2012.0]>",3,"<[2010.0, 30]; [2011.0, 38]; [2012.0, 41]>",92,61,153,3,0.553611,0.612648,0.001566,0.186684
592,travel_agency,"<[2010.0, 2011.0, 2012.0]>",4,"<[2010.0, 4]; [2011.0, 5]; [2012.0, 5]>",19,0,19,0,0,0,0,0.124287
175,direct_sales,"<[2010.0, 2011.0]>",4,"<[2010.0, 3]; [2011.0, 2]>",6,22,28,4,0.485939,0.507716,0.000043,0.004395
210,enterprise_applications,"<[2010.0, 2011.0, 2012.0]>",5,"<[2010.0, 11]; [2011.0, 5]; [2012.0, 6]>",29,39,68,4,0.5,0.531756,0.000139,0.024851
540,snack_food,"<[2010.0, 2011.0, 2012.0]>",4,"<[2010.0, 4]; [2011.0, 6]; [2012.0, 8]>",18,3,21,3,0.6,0.722222,0.000487,0.075071
404,neuroscience,"<[2010.0, 2011.0]>",2,"<[2010.0, 2]; [2011.0, 3]>",16,9,25,4,0.416459,0.454591,0.000075,0.047191
99,collaborative_consumption,"<[2010.0, 2011.0, 2012.0]>",0,"<[2010.0, 1]; [2011.0, 3]; [2012.0, 2]>",1,16,17,4,0.460332,0.482298,0.000122,0.000303
104,commercial_insurance,"<[2010.0, 2011.0, 2012.0]>",1,"<[2010.0, 5]; [2011.0, 10]; [2012.0, 9]>",2,13,15,4,0.438793,0.462672,0.000007,0.000874
92,cloud_infrastructure,"<[2010.0, 2011.0, 2012.0]>",5,"<[2010.0, 9]; [2011.0, 14]; [2012.0, 13]>",8,61,69,4,0.497635,0.537706,0.000663,0.004612
75,casino,"<[2010.0, 2011.0, 2012.0]>",3,"<[2010.0, 2]; [2011.0, 3]; [2012.0, 7]>",0,21,21,5,0.425145,0.45989,0,0
94,cloud_security,"<[2010.0, 2011.0, 2012.0]>",5,"<[2010.0, 5]; [2011.0, 5]; [2012.0, 10]>",9,39,48,4,0.476321,0.509242,0.000028,0.004865
535,small_and_medium_businesses,"<[2010.0, 2011.0, 2012.0]>",5,"<[2010.0, 9]; [2011.0, 15]; [2012.0, 21]>",69,16,85,4,0.517857,0.573755,0.0003,0.314952
413,nutrition,"<[2010.0, 2011.0, 2012.0]>",2,"<[2010.0, 6]; [2011.0, 10]; [2012.0, 8]>",34,15,49,5,0.456471,0.496735,0.000687,0.07618
636,wellness,"<[2010.0, 2011.0, 2012.0]>",2,"<[2010.0, 16]; [2011.0, 23]; [2012.0, 21]>",76,0,76,0,0,0,0,0.399472
339,lead_management,"<[2010.0, 2011.0, 2012.0]>",3,"<[2010.0, 1]; [2011.0, 1]; [2012.0, 3]>",14,11,25,4,0.456522,0.483135,0.000004,0.033213
132,content_syndication,"<[2011.0, 2012.0]>",3,"<[2011.0, 3]; [2012.0, 1]>",5,13,18,5,0.43756,0.463036,0.000008,0.002884
560,speech_recognition,"<[2010.0, 2011.0]>",3,"<[2010.0, 3]; [2011.0, 2]>",21,1,22,5,0.4,0.430128,0.000001,0.113971
211,enterprise_resource_planning_(erp),"<[2010.0, 2011.0, 2012.0]>",5,"<[2010.0, 3]; [2011.0, 8]; [2012.0, 6]>",16,23,39,4,0.47641,0.502214,0.000038,0.016783
320,intellectual_property,"<[2010.0, 2011.0, 2012.0]>",5,"<[2010.0, 5]; [2011.0, 3]; [2012.0, 6]>",28,25,53,3,0.496721,0.525303,0.000143,0.060644
627,wealth_management,"<[2010.0, 2011.0, 2012.0]>",1,"<[2010.0, 7]; [2011.0, 6]; [2012.0, 16]>",42,0,42,0,0,0,0,0.207202
579,ticketing,"<[2010.0, 2011.0, 2012.0]>",3,"<[2010.0, 8]; [2011.0, 6]; [2012.0, 9]>",50,6,56,4,0.460526,0.530952,0.00022,0.255544
43,b2c,"<[2011.0, 2012.0]>",4,"<[2011.0, 2]; [2012.0, 1]>",3,20,23,4,0.467001,0.489267,0.00001,0.001204
64,building_maintenance,"<[2010.0, 2011.0, 2012.0]>",0,"<[2010.0, 10]; [2011.0, 4]; [2012.0, 11]>",1,38,39,4,0.481414,0.511299,0.000006,0.000334
201,emergency_medicine,"<[2010.0, 2011.0, 2012.0]>",2,"<[2010.0, 2]; [2011.0, 2]; [2012.0, 1]>",2,8,10,4,0.431866,0.454693,0.000002,0.000972
48,beauty,"<[2010.0, 2011.0, 2012.0]>",4,"<[2010.0, 16]; [2011.0, 4]; [2012.0, 9]>",3,57,60,4,0.496889,0.532051,0.000143,0.001425
153,data_center_automation,"<[2010.0, 2011.0]>",5,"<[2010.0, 1]; [2011.0, 2]>",5,5,10,4,0.440447,0.459859,0,0.005895
574,test_and_measurement,"<[2010.0, 2011.0, 2012.0]>",0,"<[2010.0, 22]; [2011.0, 39]; [2012.0, 37]>",85,6,91,4,0.431818,0.504386,0.000114,0.366964
191,elderly,"<[2010.0, 2011.0, 2012.0]>",2,"<[2010.0, 1]; [2011.0, 2]; [2012.0, 3]>",1,9,10,4,0.42382,0.448945,0.000056,0.000331
305,incubators,"<[2010.0, 2012.0]>",3,"<[2010.0, 3]; [2012.0, 1]>",9,15,24,4,0.481818,0.503407,0.000025,0.014424
603,vertical_search,"<[2010.0, 2011.0]>",3,"<[2010.0, 1]; [2011.0, 2]>",22,1,23,2,0.666667,0.75,0.000028,0.107381
486,real_estate_investment,"<[2010.0, 2011.0, 2012.0]>",1,"<[2010.0, 5]; [2011.0, 6]; [2012.0, 2]>",32,6,38,4,0.453901,0.482422,0.000061,0.132152
388,mobile_devices,"<[2010.0, 2011.0, 2012.0]>",3,"<[2010.0, 16]; [2011.0, 11]; [2012.0, 23]>",68,33,101,5,0.495,0.554461,0.000677,0.159967
640,wine_and_spirits,"<[2010.0, 2011.0, 2012.0]>",4,"<[2010.0, 4]; [2011.0, 8]; [2012.0, 6]>",32,1,33,1,1,1,0.001051,0.179908
2,accounting,"<[2010.0, 2011.0, 2012.0]>",5,"<[2010.0, 17]; [2011.0, 16]; [2012.0, 27]>",0,84,84,4,0.511945,0.555278,0,0
33,asset_management,"<[2010.0, 2011.0, 2012.0]>",0,"<[2010.0, 15]; [2011.0, 17]; [2012.0, 18]>",3,88,91,4,0.519678,0.563683,0.000178,0.000942
302,image_recognition,"<[2010.0, 2011.0, 2012.0]>",3,"<[2010.0, 3]; [2011.0, 5]; [2012.0, 3]>",18,24,42,3,0.49464,0.521156,0.000019,0.029898
543,social,"<[2010.0, 2011.0, 2012.0]>",3,"<[2010.0, 5]; [2011.0, 15]; [2012.0, 12]>",75,15,90,4,0.52071,0.571023,0.000399,0.306825
217,event_promotion,"<[2010.0, 2011.0, 2012.0]>",3,"<[2010.0, 1]; [2011.0, 1]; [2012.0, 2]>",7,13,20,5,0.408393,0.440142,0.000022,0.005789
523,seo,"<[2010.0, 2011.0, 2012.0]>",3,"<[2010.0, 10]; [2011.0, 10]; [2012.0, 10]>",54,18,72,4,0.521277,0.57568,0.00019,0.213735
519,semantic_search,"<[2010.0, 2011.0, 2012.0]>",3,"<[2010.0, 2]; [2011.0, 2]; [2012.0, 4]>",30,9,39,4,0.464789,0.508418,0.000036,0.13659
249,franchise,"<[2010.0, 2012.0]>",4,"<[2010.0, 2]; [2012.0, 4]>",8,15,23,4,0.453552,0.481928,0.000059,0.015958
379,mhealth,"<[2010.0, 2011.0, 2012.0]>",2,"<[2010.0, 4]; [2011.0, 9]; [2012.0, 3]>",17,6,23,4,0.435616,0.465409,0.000019,0.058599
128,content_creators,"<[2010.0, 2011.0, 2012.0]>",3,"<[2010.0, 1]; [2011.0, 3]; [2012.0, 4]>",12,39,51,4,0.482686,0.516667,0.000139,0.007059
371,mechanical_design,<[2012.0]>,0,"<[2012.0, 1]>",3,1,4,5,0.323925,0.344329,0,0.014722
372,mechanical_engineering,"<[2010.0, 2011.0, 2012.0]>",0,"<[2010.0, 41]; [2011.0, 57]; [2012.0, 61]>",64,44,108,4,0.477137,0.547569,0.001007,0.142393
462,private_cloud,"<[2010.0, 2011.0, 2012.0]>",5,"<[2010.0, 4]; [2011.0, 3]; [2012.0, 3]>",32,5,37,4,0.464286,0.489316,0.000009,0.070062
536,smart_building,"<[2010.0, 2011.0, 2012.0]>",0,"<[2010.0, 1]; [2011.0, 1]; [2012.0, 1]>",10,3,13,4,0.395062,0.453125,0.000006,0.05245
216,event_management,"<[2010.0, 2011.0, 2012.0]>",3,"<[2010.0, 11]; [2011.0, 16]; [2012.0, 11]>",24,54,78,5,0.4884,0.540917,0.000471,0.030645
334,language_learning,"<[2010.0, 2011.0, 2012.0]>",5,"<[2010.0, 2]; [2011.0, 2]; [2012.0, 2]>",15,12,27,4,0.450407,0.478339,0.000092,0.031314
154,data_integration,"<[2010.0, 2011.0, 2012.0]>",5,"<[2010.0, 12]; [2011.0, 9]; [2012.0, 18]>",22,61,83,4,0.513751,0.553176,0.000265,0.017928
277,guides,"<[2011.0, 2012.0]>",3,"<[2011.0, 2]; [2012.0, 2]>",6,17,23,4,0.476119,0.501306,0.000016,0.007071
61,brewing,"<[2010.0, 2011.0, 2012.0]>",4,"<[2010.0, 3]; [2011.0, 6]; [2012.0, 1]>",0,17,17,4,0.465137,0.486085,0,0
409,non_profit,"<[2010.0, 2011.0, 2012.0]>",3,"<[2010.0, 8]; [2011.0, 11]; [2012.0, 7]>",44,25,69,4,0.5,0.546245,0.000773,0.138784
458,price_comparison,"<[2010.0, 2011.0, 2012.0]>",4,"<[2010.0, 3]; [2011.0, 4]; [2012.0, 5]>",29,11,40,4,0.446328,0.486287,0.000168,0.082474
29,architecture,"<[2010.0, 2011.0, 2012.0]>",5,"<[2010.0, 10]; [2011.0, 15]; [2012.0, 12]>",2,52,54,4,0.488235,0.522519,0.000066,0.000672
330,jewelry,"<[2010.0, 2011.0, 2012.0]>",4,"<[2010.0, 4]; [2011.0, 11]; [2012.0, 8]>",21,21,42,4,0.463934,0.5,0.000187,0.044527
623,warehousing,"<[2010.0, 2011.0, 2012.0]>",0,"<[2010.0, 2]; [2011.0, 1]; [2012.0, 3]>",21,0,21,0,0,0,0,0.157635
397,nanotechnology,"<[2010.0, 2011.0, 2012.0]>",0,"<[2010.0, 6]; [2011.0, 6]; [2012.0, 4]>",32,9,41,4,0.420103,0.458589,0.000044,0.096332
76,casual_games,"<[2010.0, 2011.0, 2012.0]>",3,"<[2010.0, 4]; [2011.0, 2]; [2012.0, 3]>",3,26,29,4,0.438732,0.471842,0.000111,0.001275
204,employment,"<[2010.0, 2011.0, 2012.0]>",1,"<[2010.0, 6]; [2011.0, 7]; [2012.0, 8]>",13,27,40,4,0.488152,0.513956,0.000102,0.014507
539,sms,"<[2010.0, 2011.0, 2012.0]>",3,"<[2010.0, 3]; [2011.0, 4]; [2012.0, 3]>",20,9,29,4,0.490446,0.53355,0.000024,0.105239
437,peer_to_peer,"<[2010.0, 2011.0, 2012.0]>",4,"<[2010.0, 1]; [2011.0, 1]; [2012.0, 4]>",13,9,22,4,0.429003,0.46831,0.000225,0.044655
499,residential,"<[2010.0, 2011.0, 2012.0]>",0,"<[2010.0, 5]; [2011.0, 12]; [2012.0, 9]>",32,5,37,4,0.453901,0.479818,0.000026,0.093214
86,classifieds,"<[2010.0, 2011.0, 2012.0]>",3,"<[2010.0, 2]; [2011.0, 3]; [2012.0, 3]>",6,31,37,4,0.48468,0.509738,0.000136,0.002471
344,lending,"<[2010.0, 2011.0, 2012.0]>",1,"<[2010.0, 5]; [2011.0, 4]; [2012.0, 7]>",29,18,47,3,0.482014,0.50995,0.000066,0.063393
85,civil_engineering,"<[2010.0, 2011.0, 2012.0]>",0,"<[2010.0, 15]; [2011.0, 28]; [2012.0, 23]>",2,40,42,4,0.486461,0.516795,0.000011,0.000609
264,gift,"<[2011.0, 2012.0]>",3,"<[2011.0, 2]; [2012.0, 4]>",8,12,20,4,0.47076,0.492236,0.000092,0.019504
110,compliance,"<[2010.0, 2011.0, 2012.0]>",5,"<[2010.0, 5]; [2011.0, 8]; [2012.0, 6]>",15,47,62,4,0.491363,0.524902,0.000131,0.008788
496,rental_property,"<[2010.0, 2011.0, 2012.0]>",0,"<[2010.0, 2]; [2011.0, 2]; [2012.0, 1]>",9,5,14,4,0.411765,0.447279,0.000014,0.030313
578,therapeutics,"<[2010.0, 2011.0, 2012.0]>",2,"<[2010.0, 29]; [2011.0, 21]; [2012.0, 20]>",36,4,40,4,0.425926,0.51087,0.000036,0.133937
59,blogging_platforms,"<[2010.0, 2011.0, 2012.0]>",3,"<[2010.0, 9]; [2011.0, 13]; [2012.0, 7]>",8,57,65,4,0.50096,0.537356,0.000067,0.003005
234,film_distribution,"<[2010.0, 2011.0, 2012.0]>",3,"<[2010.0, 2]; [2011.0, 4]; [2012.0, 2]>",9,12,21,6,0.405345,0.448214,0.000074,0.01066
102,college_recruiting,"<[2010.0, 2012.0]>",3,"<[2010.0, 1]; [2012.0, 2]>",1,7,8,4,0.427372,0.448592,0,0.000387
299,humanitarian,<[2011.0]>,3,"<[2011.0, 3]>",10,9,19,4,0.457704,0.479648,0.000015,0.017382
598,usability_testing,<[2012.0]>,2,"<[2012.0, 1]>",5,0,5,0,0,0,0,0.040398
260,gamification,"<[2010.0, 2011.0, 2012.0]>",3,"<[2010.0, 5]; [2011.0, 3]; [2012.0, 6]>",9,32,41,4,0.499312,0.529155,0.000068,0.0106
57,bitcoin,"<[2011.0, 2012.0]>",5,"<[2011.0, 1]; [2012.0, 2]>",1,13,14,4,0.438294,0.462905,0.000001,0.00048
495,rental,"<[2010.0, 2011.0, 2012.0]>",0,"<[2010.0, 6]; [2011.0, 18]; [2012.0, 12]>",51,15,66,4,0.492366,0.534238,0.000387,0.188513
259,gambling,"<[2010.0, 2011.0, 2012.0]>",3,"<[2010.0, 10]; [2011.0, 6]; [2012.0, 9]>",12,27,39,4,0.497268,0.523352,0.00059,0.013804
614,virtual_desktop,<[2012.0]>,5,"<[2012.0, 1]>",3,1,4,3,0.5,0.555556,0,0.022718
622,voip,"<[2010.0, 2011.0, 2012.0]>",3,"<[2010.0, 17]; [2011.0, 8]; [2012.0, 18]>",56,4,60,2,0.75,0.833333,0.000133,0.313798
429,paas,"<[2010.0, 2011.0, 2012.0]>",3,"<[2010.0, 2]; [2011.0, 5]; [2012.0, 5]>",35,17,52,4,0.493421,0.535,0.000049,0.095159
82,child_care,"<[2010.0, 2011.0, 2012.0]>",4,"<[2010.0, 3]; [2011.0, 4]; [2012.0, 4]>",3,27,30,4,0.466483,0.494259,0.000091,0.001693
398,national_security,"<[2010.0, 2011.0, 2012.0]>",0,"<[2010.0, 24]; [2011.0, 26]; [2012.0, 26]>",62,35,97,4,0.483333,0.54844,0.000764,0.159902
134,corporate_training,"<[2010.0, 2011.0, 2012.0]>",1,"<[2010.0, 2]; [2011.0, 1]; [2012.0, 3]>",2,24,26,4,0.482201,0.505966,0.000015,0.000623
521,semiconductor,"<[2010.0, 2011.0, 2012.0]>",0,"<[2010.0, 44]; [2011.0, 67]; [2012.0, 60]>",123,25,148,4,0.525773,0.598856,0.001258,0.413655
513,satellite_communication,"<[2010.0, 2011.0, 2012.0]>",0,"<[2010.0, 8]; [2011.0, 15]; [2012.0, 3]>",35,12,47,4,0.482301,0.525229,0.000044,0.136558
220,facebook,"<[2010.0, 2012.0]>",3,"<[2010.0, 1]; [2012.0, 2]>",10,16,26,3,0.47181,0.496855,0.000005,0.00978
133,cooking,"<[2010.0, 2011.0, 2012.0]>",0,"<[2010.0, 3]; [2011.0, 8]; [2012.0, 4]>",6,12,18,4,0.437563,0.462104,0.000249,0.004893
460,printing,"<[2010.0, 2011.0, 2012.0]>",3,"<[2010.0, 23]; [2011.0, 29]; [2012.0, 26]>",76,26,102,4,0.52669,0.576014,0.000768,0.230989
71,call_center,"<[2010.0, 2011.0, 2012.0]>",3,"<[2010.0, 1]; [2011.0, 1]; [2012.0, 1]>",1,10,11,5,0.416309,0.442234,0.000002,0.000495
126,contact_management,"<[2010.0, 2011.0, 2012.0]>",3,"<[2010.0, 3]; [2011.0, 2]; [2012.0, 2]>",5,18,23,4,0.464802,0.488071,0.000059,0.004394
250,fraud_detection,"<[2010.0, 2011.0, 2012.0]>",5,"<[2010.0, 5]; [2011.0, 10]; [2012.0, 6]>",27,23,50,4,0.48405,0.511223,0.000067,0.038693
290,home_services,"<[2010.0, 2011.0, 2012.0]>",4,"<[2010.0, 5]; [2011.0, 4]; [2012.0, 4]>",18,16,34,4,0.461219,0.488989,0.00012,0.02532
420,open_source,"<[2010.0, 2011.0, 2012.0]>",5,"<[2010.0, 3]; [2011.0, 8]; [2012.0, 7]>",41,17,58,4,0.473118,0.515625,0.000127,0.105621
478,public_safety,"<[2010.0, 2011.0, 2012.0]>",0,"<[2010.0, 16]; [2011.0, 14]; [2012.0, 16]>",54,18,72,4,0.474638,0.529262,0.000331,0.193088
265,gift_card,"<[2010.0, 2011.0, 2012.0]>",3,"<[2010.0, 2]; [2011.0, 6]; [2012.0, 3]>",15,26,41,3,0.496904,0.524922,0.000301,0.026673
620,visual_search,<[2010.0]>,3,"<[2010.0, 1]>",9,0,9,0,0,0,0,0.041127
223,family,"<[2010.0, 2011.0, 2012.0]>",4,"<[2010.0, 6]; [2011.0, 7]; [2012.0, 7]>",3,9,12,4,0.447427,0.469792,0.000019,0.005753
235,film_production,"<[2010.0, 2011.0, 2012.0]>",3,"<[2010.0, 4]; [2011.0, 4]; [2012.0, 1]>",11,19,30,5,0.438936,0.474839,0.000183,0.006917
611,video_on_demand,"<[2010.0, 2011.0, 2012.0]>",3,"<[2010.0, 3]; [2011.0, 4]; [2012.0, 3]>",39,4,43,3,0.6,0.703704,0.000006,0.232134
593,tutoring,"<[2010.0, 2011.0, 2012.0]>",1,"<[2010.0, 4]; [2011.0, 3]; [2012.0, 2]>",17,3,20,4,0.457143,0.502604,0.000759,0.093381
583,toys,"<[2010.0, 2011.0, 2012.0]>",3,"<[2010.0, 3]; [2011.0, 5]; [2012.0, 4]>",41,3,44,3,0.479167,0.528986,0.000029,0.204329
241,flash_storage,"<[2010.0, 2011.0, 2012.0]>",5,"<[2010.0, 3]; [2011.0, 2]; [2012.0, 6]>",16,20,36,3,0.488981,0.511268,0.000018,0.022529
115,console_games,<[2012.0]>,3,"<[2012.0, 1]>",1,3,4,4,0.356794,0.371005,0,0.000275
95,cloud_storage,"<[2010.0, 2011.0, 2012.0]>",5,"<[2010.0, 7]; [2011.0, 8]; [2012.0, 8]>",10,39,49,4,0.488307,0.517401,0.000054,0.005435
295,hotel,"<[2010.0, 2011.0, 2012.0]>",4,"<[2010.0, 8]; [2011.0, 14]; [2012.0, 11]>",19,36,55,3,0.517296,0.547619,0.000539,0.027695
599,ux_design,"<[2010.0, 2012.0]>",5,"<[2010.0, 1]; [2012.0, 4]>",24,2,26,2,0.6,0.666667,0.000013,0.176456
26,application_performance_management,"<[2010.0, 2011.0]>",5,"<[2010.0, 5]; [2011.0, 1]>",3,22,25,4,0.451737,0.477778,0.000048,0.000898
365,marine_technology,"<[2010.0, 2011.0, 2012.0]>",0,"<[2010.0, 3]; [2011.0, 3]; [2012.0, 5]>",18,15,33,4,0.438356,0.474609,0.000034,0.05193
422,optical_communication,"<[2010.0, 2011.0, 2012.0]>",3,"<[2010.0, 4]; [2011.0, 2]; [2012.0, 3]>",17,6,23,5,0.409471,0.447506,0.000011,0.064227
107,communication_hardware,"<[2010.0, 2011.0, 2012.0]>",3,"<[2010.0, 7]; [2011.0, 11]; [2012.0, 7]>",8,58,66,4,0.499035,0.537234,0.000068,0.003722
512,same_day_delivery,<[2012.0]>,4,"<[2012.0, 3]>",6,2,8,4,0.457627,0.478395,0,0.023947
283,hedge_funds,"<[2010.0, 2011.0, 2012.0]>",1,"<[2010.0, 4]; [2011.0, 5]; [2012.0, 2]>",12,16,28,4,0.47392,0.49869,0.000019,0.019698
242,fleet_management,"<[2010.0, 2011.0, 2012.0]>",0,"<[2010.0, 5]; [2011.0, 6]; [2012.0, 3]>",10,20,30,4,0.45911,0.491667,0.000025,0.018759
338,lead_generation,"<[2010.0, 2011.0, 2012.0]>",3,"<[2010.0, 5]; [2011.0, 2]; [2012.0, 3]>",25,17,42,5,0.447934,0.4869,0.000036,0.054518
329,it_management,"<[2010.0, 2011.0, 2012.0]>",5,"<[2010.0, 20]; [2011.0, 21]; [2012.0, 16]>",46,34,80,3,0.514071,0.550487,0.000188,0.090093
113,concerts,"<[2011.0, 2012.0]>",3,"<[2011.0, 2]; [2012.0, 2]>",1,23,24,4,0.429553,0.4645,0.000149,0.000275
187,ediscovery,"<[2010.0, 2011.0, 2012.0]>",5,"<[2010.0, 5]; [2011.0, 10]; [2012.0, 23]>",29,54,83,4,0.504878,0.5469,0.000196,0.026297
331,journalism,"<[2010.0, 2011.0, 2012.0]>",3,"<[2010.0, 2]; [2011.0, 3]; [2012.0, 3]>",12,20,32,4,0.45,0.49041,0.000027,0.026319
321,intelligent_systems,"<[2010.0, 2011.0, 2012.0]>",5,"<[2010.0, 1]; [2011.0, 5]; [2012.0, 2]>",17,15,32,4,0.461794,0.491607,0.000309,0.04367
271,gpu,"<[2010.0, 2011.0, 2012.0]>",3,"<[2010.0, 2]; [2011.0, 1]; [2012.0, 2]>",4,14,18,4,0.430303,0.459859,0.000008,0.00616
164,dental,"<[2010.0, 2011.0, 2012.0]>",2,"<[2010.0, 11]; [2011.0, 11]; [2012.0, 14]>",3,15,18,4,0.468565,0.490506,0.000001,0.003708
8,advanced_materials,"<[2010.0, 2011.0, 2012.0]>",0,"<[2010.0, 9]; [2011.0, 13]; [2012.0, 11]>",0,46,46,5,0.467643,0.503624,0,0
322,interior_design,"<[2010.0, 2011.0, 2012.0]>",0,"<[2010.0, 1]; [2011.0, 1]; [2012.0, 2]>",10,5,15,4,0.436482,0.459577,0.000004,0.012892
72,cannabis,"<[2010.0, 2011.0, 2012.0]>",1,"<[2010.0, 1]; [2011.0, 1]; [2012.0, 2]>",1,9,10,4,0.46091,0.479747,0,0.000313
581,tour_operator,"<[2010.0, 2012.0]>",4,"<[2010.0, 1]; [2012.0, 1]>",4,3,7,4,0.435897,0.482843,0,0.012387
70,cad,"<[2010.0, 2011.0, 2012.0]>",5,"<[2010.0, 4]; [2011.0, 4]; [2012.0, 3]>",4,25,29,4,0.487156,0.507376,0.000006,0.001778
464,procurement,"<[2010.0, 2011.0, 2012.0]>",5,"<[2010.0, 3]; [2011.0, 3]; [2012.0, 2]>",12,5,17,4,0.416446,0.446391,0.000046,0.035236
138,courier_service,"<[2010.0, 2011.0, 2012.0]>",0,"<[2010.0, 3]; [2011.0, 5]; [2012.0, 5]>",4,18,22,5,0.469727,0.491927,0.000038,0.001611
411,nursing_and_residential_care,"<[2010.0, 2011.0, 2012.0]>",2,"<[2010.0, 9]; [2011.0, 12]; [2012.0, 9]>",15,5,20,4,0.418546,0.446607,0.000011,0.042687
534,skill_assessment,"<[2010.0, 2011.0, 2012.0]>",5,"<[2010.0, 14]; [2011.0, 27]; [2012.0, 19]>",42,9,51,3,0.475936,0.516854,0.000069,0.148745
567,sustainability,"<[2010.0, 2011.0, 2012.0]>",0,"<[2010.0, 4]; [2011.0, 13]; [2012.0, 3]>",49,0,49,0,0,0,0,0.237535
307,indoor_positioning,"<[2010.0, 2011.0, 2012.0]>",5,"<[2010.0, 8]; [2011.0, 1]; [2012.0, 6]>",11,18,29,3,0.478261,0.503657,0.000105,0.019063
421,operating_systems,"<[2010.0, 2011.0, 2012.0]>",5,"<[2010.0, 4]; [2011.0, 2]; [2012.0, 3]>",19,9,28,4,0.413462,0.454457,0.000062,0.048226
402,network_hardware,"<[2010.0, 2011.0, 2012.0]>",5,"<[2010.0, 10]; [2011.0, 9]; [2012.0, 9]>",42,19,61,4,0.452874,0.5,0.000169,0.10937
345,life_insurance,"<[2010.0, 2011.0, 2012.0]>",1,"<[2010.0, 2]; [2011.0, 6]; [2012.0, 4]>",12,6,18,5,0.384615,0.41216,0.000005,0.025519
163,delivery_service,"<[2010.0, 2011.0, 2012.0]>",4,"<[2010.0, 3]; [2011.0, 4]; [2012.0, 2]>",11,24,35,4,0.484816,0.507644,0.000033,0.006481
621,vocational_education,"<[2011.0, 2012.0]>",1,"<[2011.0, 2]; [2012.0, 1]>",8,0,8,0,0,0,0,0.038409
554,social_recruiting,"<[2010.0, 2011.0, 2012.0]>",5,"<[2010.0, 1]; [2011.0, 1]; [2012.0, 1]>",12,2,14,4,0.458333,0.479437,0,0.080306
335,laser,"<[2010.0, 2011.0, 2012.0]>",0,"<[2010.0, 3]; [2011.0, 2]; [2012.0, 3]>",7,5,12,4,0.427432,0.450249,0,0.010844
514,scheduling,"<[2010.0, 2011.0, 2012.0]>",5,"<[2010.0, 4]; [2011.0, 2]; [2012.0, 3]>",15,1,16,4,0.452941,0.470779,0,0.067349
198,email_marketing,"<[2010.0, 2011.0, 2012.0]>",3,"<[2010.0, 10]; [2011.0, 10]; [2012.0, 13]>",37,51,88,4,0.503053,0.543487,0.000329,0.03507
430,packaging_services,"<[2010.0, 2011.0, 2012.0]>",0,"<[2010.0, 18]; [2011.0, 28]; [2012.0, 23]>",50,21,71,3,0.497093,0.538986,0.000582,0.148158
376,meeting_software,"<[2010.0, 2011.0, 2012.0]>",5,"<[2010.0, 1]; [2011.0, 4]; [2012.0, 2]>",17,16,33,4,0.460922,0.496014,0.000022,0.049216
148,cryptocurrency,<[2011.0]>,1,"<[2011.0, 1]>",3,9,12,4,0.432302,0.455071,0,0.001743
182,dsp,"<[2010.0, 2011.0, 2012.0]>",3,"<[2010.0, 6]; [2011.0, 4]; [2012.0, 3]>",13,34,47,4,0.49481,0.523116,0.000065,0.010195
1,3d_technology,"<[2010.0, 2011.0, 2012.0]>",5,"<[2010.0, 8]; [2011.0, 15]; [2012.0, 16]>",1,72,73,4,0.507513,0.544819,0.000107,0.000275
492,rehabilitation,"<[2010.0, 2011.0, 2012.0]>",2,"<[2010.0, 7]; [2011.0, 8]; [2012.0, 3]>",13,2,15,4,0.455621,0.477273,0.000006,0.048767
157,data_visualization,"<[2010.0, 2011.0, 2012.0]>",5,"<[2010.0, 7]; [2011.0, 4]; [2012.0, 14]>",21,41,62,5,0.491996,0.525018,0.000279,0.016252
522,sensor,"<[2010.0, 2011.0, 2012.0]>",0,"<[2010.0, 7]; [2011.0, 7]; [2012.0, 13]>",45,10,55,4,0.475962,0.517677,0.000156,0.194837
537,smart_cities,"<[2010.0, 2011.0]>",5,"<[2010.0, 1]; [2011.0, 1]>",11,3,14,4,0.475309,0.496753,0,0.065837
424,organic_food,"<[2011.0, 2012.0]>",4,"<[2011.0, 3]; [2012.0, 4]>",20,2,22,5,0.370861,0.398512,0.000032,0.057278
119,consumer_applications,"<[2011.0, 2012.0]>",0,"<[2011.0, 12]; [2012.0, 4]>",6,28,34,4,0.462894,0.492318,0.00027,0.00433
426,outdoors,"<[2010.0, 2011.0, 2012.0]>",4,"<[2010.0, 3]; [2011.0, 3]; [2012.0, 1]>",19,9,28,5,0.408759,0.447619,0.000116,0.057253
591,travel_accommodations,"<[2010.0, 2011.0, 2012.0]>",4,"<[2010.0, 3]; [2011.0, 4]; [2012.0, 7]>",29,1,30,1,1,1,0.000025,0.155387
192,electric_vehicle,"<[2010.0, 2011.0, 2012.0]>",0,"<[2010.0, 3]; [2011.0, 4]; [2012.0, 4]>",12,16,28,4,0.433333,0.461733,0.000052,0.013696
618,virtual_world,<[2012.0]>,3,"<[2012.0, 2]>",10,0,10,0,0,0,0,0.068909
31,art,"<[2010.0, 2011.0, 2012.0]>",3,"<[2010.0, 5]; [2011.0, 4]; [2012.0, 1]>",0,36,36,5,0.453333,0.491321,0,0
414,office_administration,"<[2011.0, 2012.0]>",5,"<[2011.0, 2]; [2012.0, 2]>",8,7,15,4,0.40553,0.438447,0.000037,0.020688
69,business_travel,"<[2010.0, 2011.0]>",4,"<[2010.0, 1]; [2011.0, 1]>",2,12,14,5,0.388357,0.41945,0.00001,0.001011
448,plastics_and_rubber_manufacturing,"<[2010.0, 2011.0, 2012.0]>",0,"<[2010.0, 9]; [2011.0, 9]; [2012.0, 15]>",27,6,33,5,0.390361,0.431276,0.000028,0.083691
395,music_streaming,"<[2010.0, 2012.0]>",3,"<[2010.0, 1]; [2012.0, 5]>",23,7,30,4,0.457143,0.48763,0.000015,0.056998
445,photo_sharing,"<[2010.0, 2011.0, 2012.0]>",3,"<[2010.0, 2]; [2011.0, 2]; [2012.0, 4]>",18,11,29,4,0.467492,0.502208,0.000014,0.06762
332,knowledge_management,"<[2010.0, 2011.0, 2012.0]>",5,"<[2010.0, 4]; [2011.0, 1]; [2012.0, 1]>",15,7,22,4,0.401899,0.430446,0.000002,0.04477
545,social_crm,<[2010.0]>,5,"<[2010.0, 1]>",4,2,6,4,0.462766,0.481801,0,0.013925
179,domain_registrar,"<[2010.0, 2012.0]>",5,"<[2010.0, 3]; [2012.0, 4]>",8,15,23,4,0.466597,0.487696,0.00002,0.008464
617,virtual_workforce,"<[2010.0, 2011.0, 2012.0]>",5,"<[2010.0, 1]; [2011.0, 2]; [2012.0, 3]>",22,0,22,0,0,0,0,0.118416
45,bakery,"<[2010.0, 2012.0]>",4,"<[2010.0, 1]; [2012.0, 2]>",0,9,9,5,0.432363,0.455512,0,0
91,cloud_data_services,"<[2010.0, 2011.0, 2012.0]>",5,"<[2010.0, 14]; [2011.0, 19]; [2012.0, 26]>",13,85,98,4,0.52381,0.569287,0.000181,0.006481
282,health_insurance,"<[2010.0, 2011.0, 2012.0]>",2,"<[2010.0, 9]; [2011.0, 6]; [2012.0, 11]>",14,21,35,4,0.464578,0.495601,0.000057,0.025117
444,photo_editing,"<[2010.0, 2011.0, 2012.0]>",3,"<[2010.0, 1]; [2011.0, 4]; [2012.0, 5]>",21,11,32,4,0.446746,0.486755,0.000039,0.078969
527,shipping,"<[2010.0, 2011.0, 2012.0]>",4,"<[2010.0, 3]; [2011.0, 5]; [2012.0, 8]>",37,6,43,5,0.421296,0.462821,0.000051,0.163928
466,product_management,"<[2010.0, 2011.0, 2012.0]>",0,"<[2010.0, 2]; [2011.0, 6]; [2012.0, 8]>",22,7,29,4,0.436111,0.468153,0.000005,0.081264
482,quality_assurance,"<[2010.0, 2011.0, 2012.0]>",0,"<[2010.0, 2]; [2011.0, 6]; [2012.0, 5]>",23,4,27,5,0.422442,0.451432,0.000027,0.085116
358,loyalty_programs,"<[2010.0, 2011.0, 2012.0]>",3,"<[2010.0, 2]; [2011.0, 4]; [2012.0, 4]>",19,16,35,4,0.459854,0.492725,0.000025,0.034849
569,task_management,"<[2010.0, 2011.0, 2012.0]>",0,"<[2010.0, 1]; [2011.0, 7]; [2012.0, 9]>",41,2,43,4,0.428571,0.484127,0.000007,0.220887
613,virtual_currency,<[2011.0]>,3,"<[2011.0, 1]>",12,0,12,0,0,0,0,0.055224
230,field-programmable_gate_array_(fpga),"<[2011.0, 2012.0]>",5,"<[2011.0, 3]; [2012.0, 1]>",4,8,12,4,0.453964,0.473944,0,0.007819
529,shoes,"<[2010.0, 2011.0, 2012.0]>",4,"<[2010.0, 4]; [2011.0, 7]; [2012.0, 1]>",14,5,19,5,0.390558,0.428022,0.000004,0.076411
511,sales_automation,"<[2011.0, 2012.0]>",5,"<[2011.0, 1]; [2012.0, 3]>",12,2,14,4,0.415323,0.444984,0.000003,0.060655
63,browser_extensions,"<[2010.0, 2012.0]>",3,"<[2010.0, 1]; [2012.0, 2]>",5,17,22,4,0.442202,0.469053,0.00001,0.002104
327,isp,"<[2010.0, 2011.0, 2012.0]>",3,"<[2010.0, 1]; [2011.0, 3]; [2012.0, 1]>",10,13,23,4,0.476106,0.49969,0.000009,0.022247
644,women's,"<[2010.0, 2011.0, 2012.0]>",4,"<[2010.0, 5]; [2011.0, 4]; [2012.0, 2]>",30,0,30,0,0,0,0,0.169361
248,forestry,"<[2010.0, 2011.0, 2012.0]>",0,"<[2010.0, 3]; [2011.0, 4]; [2012.0, 1]>",9,9,18,4,0.419974,0.446138,0.000037,0.009268
609,video_editing,<[2011.0]>,3,"<[2011.0, 1]>",16,2,18,2,0.6,0.666667,0,0.075515
431,paper_manufacturing,"<[2010.0, 2011.0, 2012.0]>",0,"<[2010.0, 11]; [2011.0, 9]; [2012.0, 13]>",22,7,29,5,0.417127,0.452208,0.000066,0.064227
139,coworking,<[2012.0]>,3,"<[2012.0, 1]>",1,3,4,4,0.425562,0.44582,0,0.000298
237,financial_exchanges,"<[2010.0, 2011.0, 2012.0]>",1,"<[2010.0, 5]; [2011.0, 6]; [2012.0, 4]>",10,20,30,4,0.475091,0.5,0.000011,0.016526
292,horticulture,"<[2011.0, 2012.0]>",0,"<[2011.0, 2]; [2012.0, 1]>",4,2,6,4,0.415765,0.436803,0.000546,0.006292
25,app_marketing,"<[2010.0, 2011.0, 2012.0]>",3,"<[2010.0, 2]; [2011.0, 9]; [2012.0, 4]>",6,43,49,4,0.478332,0.510114,0.000052,0.002001
561,sporting_goods,"<[2010.0, 2011.0, 2012.0]>",4,"<[2010.0, 7]; [2011.0, 10]; [2012.0, 9]>",35,8,43,6,0.426471,0.500575,0.00007,0.155591
50,billing,"<[2010.0, 2011.0, 2012.0]>",1,"<[2010.0, 4]; [2011.0, 4]; [2012.0, 3]>",3,33,36,4,0.479464,0.506828,0.000012,0.001195
23,animal_feed,"<[2010.0, 2011.0, 2012.0]>",4,"<[2010.0, 1]; [2011.0, 7]; [2012.0, 5]>",2,21,23,4,0.461737,0.486344,0.000202,0.000608
565,subscription_service,"<[2010.0, 2011.0, 2012.0]>",3,"<[2010.0, 2]; [2011.0, 1]; [2012.0, 7]>",31,7,38,5,0.444444,0.510256,0.000019,0.130416
391,multi-level_marketing,"<[2011.0, 2012.0]>",3,"<[2011.0, 1]; [2012.0, 1]>",4,4,8,4,0.427152,0.45478,0,0.008556
642,wired_telecommunications,"<[2010.0, 2011.0, 2012.0]>",3,"<[2010.0, 3]; [2011.0, 2]; [2012.0, 1]>",15,1,16,1,1,1,0,0.141402
208,energy_storage,"<[2010.0, 2011.0, 2012.0]>",0,"<[2010.0, 4]; [2011.0, 3]; [2012.0, 2]>",9,13,22,4,0.455249,0.478358,0.000055,0.009843
588,translation_service,"<[2010.0, 2011.0, 2012.0]>",5,"<[2010.0, 3]; [2011.0, 2]; [2012.0, 1]>",25,0,25,0,0,0,0,0.174841
35,association,"<[2010.0, 2011.0, 2012.0]>",3,"<[2010.0, 8]; [2011.0, 10]; [2012.0, 8]>",2,61,63,5,0.49871,0.535402,0.000117,0.00082
310,industrial_design,"<[2010.0, 2011.0, 2012.0]>",0,"<[2010.0, 2]; [2011.0, 3]; [2012.0, 2]>",13,9,22,3,0.46408,0.483488,0.000013,0.021763
53,biomass_energy,<[2012.0]>,0,"<[2012.0, 1]>",0,5,5,5,0.359643,0.378626,0,0
273,green_consumer_goods,<[2012.0]>,4,"<[2012.0, 1]>",1,2,3,4,0.357323,0.374264,0,0.002788
215,esports,"<[2010.0, 2012.0]>",3,"<[2010.0, 1]; [2012.0, 2]>",5,9,14,5,0.448148,0.473003,0.000004,0.005788
600,vacation_rental,"<[2011.0, 2012.0]>",4,"<[2011.0, 1]; [2012.0, 1]>",9,0,9,0,0,0,0,0.08214
231,field_support,<[2010.0]>,0,"<[2010.0, 1]>",0,3,3,4,0.374713,0.394939,0,0
319,insurtech,"<[2010.0, 2011.0, 2012.0]>",5,"<[2010.0, 2]; [2011.0, 3]; [2012.0, 1]>",11,5,16,5,0.371505,0.402808,0.000017,0.03731
180,drm,<[2010.0]>,3,"<[2010.0, 1]>",2,4,6,5,0.423573,0.448696,0,0.001468
272,graphic_design,"<[2010.0, 2011.0, 2012.0]>",3,"<[2010.0, 4]; [2011.0, 3]; [2012.0, 3]>",14,17,31,3,0.482963,0.505624,0.000034,0.02134
14,affiliate_marketing,"<[2011.0, 2012.0]>",3,"<[2011.0, 1]; [2012.0, 2]>",2,10,12,5,0.401381,0.426291,0.000001,0.000759
181,drones,<[2012.0]>,5,"<[2012.0, 2]>",1,9,10,4,0.431156,0.454351,0.000001,0.001403
355,local_shopping,<[2011.0]>,4,"<[2011.0, 1]>",3,3,6,5,0.410256,0.437109,0,0.008113
516,secondary_education,<[2011.0]>,1,"<[2011.0, 3]>",4,0,4,0,0,0,0,0.00383
5,ad_retargeting,"<[2010.0, 2012.0]>",3,"<[2010.0, 2]; [2012.0, 3]>",1,26,27,5,0.460955,0.487171,0.000005,0.000275
342,legal_tech,"<[2011.0, 2012.0]>",5,"<[2011.0, 4]; [2012.0, 1]>",20,4,24,4,0.409756,0.434193,0.000008,0.037318
100,collectibles,"<[2010.0, 2011.0, 2012.0]>",4,"<[2010.0, 4]; [2011.0, 2]; [2012.0, 2]>",4,13,17,4,0.461469,0.481336,0.000019,0.001558
262,genetics,"<[2010.0, 2011.0, 2012.0]>",2,"<[2010.0, 15]; [2011.0, 8]; [2012.0, 15]>",13,20,33,3,0.49169,0.513146,0.000095,0.014302
474,property_insurance,"<[2010.0, 2011.0, 2012.0]>",1,"<[2010.0, 4]; [2011.0, 10]; [2012.0, 7]>",27,6,33,5,0.405172,0.438771,0.000016,0.083842
267,golf,"<[2010.0, 2012.0]>",4,"<[2010.0, 1]; [2012.0, 2]>",0,11,11,3,0.480952,0.4989,0,0
18,alternative_medicine,"<[2010.0, 2011.0, 2012.0]>",2,"<[2010.0, 1]; [2011.0, 4]; [2012.0, 3]>",0,16,16,4,0.4304,0.456475,0,0
606,video_advertising,"<[2010.0, 2011.0, 2012.0]>",3,"<[2010.0, 1]; [2011.0, 2]; [2012.0, 2]>",23,2,25,3,0.423077,0.5,0.000116,0.12816
3,ad_exchange,<[2012.0]>,3,"<[2012.0, 1]>",0,5,5,5,0.401721,0.422625,0,0
51,biofuel,"<[2010.0, 2011.0, 2012.0]>",0,"<[2010.0, 4]; [2011.0, 1]; [2012.0, 1]>",1,16,17,4,0.441975,0.46648,0.000003,0.000275
498,reservations,<[2010.0]>,4,"<[2010.0, 2]>",4,4,8,5,0.4,0.429744,0,0.013268
381,mineral,"<[2010.0, 2011.0, 2012.0]>",0,"<[2010.0, 8]; [2011.0, 9]; [2012.0, 18]>",14,14,28,5,0.418651,0.46643,0.000028,0.030282
584,trade_shows,"<[2010.0, 2011.0]>",3,"<[2010.0, 2]; [2011.0, 2]>",14,0,14,0,0,0,0,0.075054
628,wearables,"<[2010.0, 2011.0, 2012.0]>",4,"<[2010.0, 4]; [2011.0, 2]; [2012.0, 2]>",26,1,27,3,0.5,0.555556,0.000006,0.136682
123,consumer_research,<[2010.0]>,5,"<[2010.0, 2]>",1,6,7,3,0.458993,0.476489,0,0.000523
438,performing_arts,<[2012.0]>,0,"<[2012.0, 1]>",2,0,2,0,0,0,0,0.015016
607,video_chat,"<[2010.0, 2011.0]>",3,"<[2010.0, 1]; [2011.0, 2]>",10,0,10,0,0,0,0,0.107759
83,children,"<[2010.0, 2011.0, 2012.0]>",4,"<[2010.0, 1]; [2011.0, 3]; [2012.0, 2]>",1,26,27,4,0.466247,0.492921,0.000047,0.000579
457,presentations,"<[2010.0, 2011.0]>",3,"<[2010.0, 1]; [2011.0, 1]>",9,2,11,4,0.461078,0.481602,0,0.029473
159,dating,"<[2011.0, 2012.0]>",3,"<[2011.0, 1]; [2012.0, 1]>",2,10,12,5,0.427059,0.456015,0,0.00084
596,unified_communications,<[2010.0]>,3,"<[2010.0, 1]>",3,2,5,3,0.5,0.595238,0,0.03077
383,mining_technology,"<[2010.0, 2011.0, 2012.0]>",0,"<[2010.0, 10]; [2011.0, 18]; [2012.0, 22]>",19,9,28,4,0.417373,0.4522,0.000027,0.05415
572,teenagers,<[2012.0]>,5,"<[2012.0, 1]>",3,1,4,3,0.5,0.555556,0,0.014082
0,3d_printing,"<[2010.0, 2011.0, 2012.0]>",0,"<[2010.0, 9]; [2011.0, 8]; [2012.0, 16]>",0,54,54,4,0.480094,0.516531,0,0
256,funding_platform,<[2010.0]>,1,"<[2010.0, 1]>",3,2,5,4,0.359954,0.374866,0,0.00845
286,home_decor,"<[2010.0, 2011.0, 2012.0]>",4,"<[2010.0, 1]; [2011.0, 11]; [2012.0, 19]>",22,31,53,4,0.491971,0.52547,0.000296,0.03625
304,in-flight_entertainment,<[2011.0]>,3,"<[2011.0, 1]>",0,3,3,4,0.372855,0.396095,0,0
38,augmented_reality,<[2012.0]>,3,"<[2012.0, 3]>",3,18,21,5,0.44,0.469228,0.000004,0.001114
105,commercial_lending,"<[2010.0, 2011.0]>",5,"<[2010.0, 1]; [2011.0, 1]>",2,6,8,4,0.449291,0.468042,0.000001,0.001075
186,ebooks,"<[2010.0, 2011.0, 2012.0]>",1,"<[2010.0, 2]; [2011.0, 2]; [2012.0, 1]>",3,15,18,4,0.447777,0.473441,0.000013,0.005269
176,diy,"<[2010.0, 2012.0]>",4,"<[2010.0, 1]; [2012.0, 1]>",1,5,6,4,0.434402,0.453766,0,0.000535
161,debt_collections,"<[2010.0, 2011.0, 2012.0]>",1,"<[2010.0, 2]; [2011.0, 1]; [2012.0, 3]>",7,8,15,4,0.440937,0.462279,0.000007,0.007255
559,space_travel,"<[2011.0, 2012.0]>",0,"<[2011.0, 2]; [2012.0, 2]>",11,0,11,0,0,0,0,0.084635
252,freight_service,"<[2010.0, 2011.0, 2012.0]>",0,"<[2010.0, 5]; [2011.0, 12]; [2012.0, 9]>",7,14,21,4,0.477745,0.499224,0.000013,0.008167
336,laundry_and_dry-cleaning,<[2011.0]>,0,"<[2011.0, 2]>",2,6,8,4,0.381085,0.406934,0.000002,0.004312
601,vending_and_concessions,"<[2010.0, 2011.0]>",4,"<[2010.0, 3]; [2011.0, 4]>",13,0,13,0,0,0,0,0.075011
449,playstation,<[2012.0]>,3,"<[2012.0, 1]>",2,4,6,4,0.463855,0.492424,0,0.004269
297,human_computer_interaction,"<[2010.0, 2011.0, 2012.0]>",5,"<[2010.0, 3]; [2011.0, 1]; [2012.0, 2]>",4,7,11,3,0.452991,0.472746,0,0.007256
225,farmers_market,"<[2010.0, 2011.0, 2012.0]>",0,"<[2010.0, 2]; [2011.0, 1]; [2012.0, 2]>",4,8,12,5,0.428879,0.454397,0.000227,0.004646
233,film,"<[2010.0, 2011.0, 2012.0]>",3,"<[2010.0, 12]; [2011.0, 7]; [2012.0, 5]>",17,32,49,4,0.490025,0.52078,0.00039,0.022258
160,debit_cards,<[2011.0]>,1,"<[2011.0, 3]>",2,8,10,4,0.443013,0.46346,0,0.001759
500,resorts,"<[2010.0, 2012.0]>",4,"<[2010.0, 2]; [2012.0, 7]>",12,5,17,5,0.375451,0.416186,0.000584,0.052022
73,car_sharing,"<[2010.0, 2011.0, 2012.0]>",0,"<[2010.0, 1]; [2011.0, 1]; [2012.0, 5]>",1,16,17,4,0.436681,0.4665,0.000076,0.000579
47,battery,"<[2010.0, 2012.0]>",0,"<[2010.0, 4]; [2012.0, 3]>",2,17,19,4,0.414634,0.444497,0.000006,0.000893
151,cycling,"<[2011.0, 2012.0]>",3,"<[2011.0, 3]; [2012.0, 3]>",1,9,10,5,0.435824,0.458498,0,0.000387
634,webos,<[2012.0]>,5,"<[2012.0, 2]>",20,0,20,0,0,0,0,0.097468
432,parenting,"<[2010.0, 2011.0]>",3,"<[2010.0, 1]; [2011.0, 1]>",4,5,9,4,0.380697,0.410798,0.000001,0.014924
195,electronic_health_record_(ehr),"<[2010.0, 2011.0, 2012.0]>",5,"<[2010.0, 2]; [2011.0, 1]; [2012.0, 2]>",3,9,12,4,0.456806,0.477316,0,0.003371
219,eyewear,"<[2010.0, 2011.0, 2012.0]>",2,"<[2010.0, 4]; [2011.0, 5]; [2012.0, 7]>",5,10,15,4,0.440529,0.464583,0.000008,0.00773
412,nutraceutical,"<[2010.0, 2011.0]>",2,"<[2010.0, 1]; [2011.0, 1]>",2,2,4,6,0.347594,0.367607,0,0.002931
533,skiing,<[2012.0]>,4,"<[2012.0, 1]>",3,0,3,0,0,0,0,0.006289
9,adventure_travel,"<[2010.0, 2011.0, 2012.0]>",4,"<[2010.0, 1]; [2011.0, 1]; [2012.0, 2]>",0,12,12,5,0.396857,0.42379,0,0
377,men's,"<[2010.0, 2012.0]>",4,"<[2010.0, 1]; [2012.0, 2]>",6,8,14,5,0.369803,0.417357,0.000003,0.010148
141,creative_agency,"<[2010.0, 2011.0, 2012.0]>",3,"<[2010.0, 2]; [2011.0, 3]; [2012.0, 3]>",6,12,18,5,0.439614,0.463993,0.000008,0.005302
407,nightclubs,"<[2011.0, 2012.0]>",4,"<[2011.0, 1]; [2012.0, 1]>",5,2,7,5,0.340517,0.361392,0,0.018617
531,shopping_mall,"<[2010.0, 2011.0]>",4,"<[2010.0, 1]; [2011.0, 1]>",10,1,11,4,0.452941,0.470779,0,0.055862
251,freemium,"<[2011.0, 2012.0]>",3,"<[2011.0, 2]; [2012.0, 1]>",1,5,6,5,0.419653,0.444536,0,0.001153
615,virtual_goods,<[2011.0]>,3,"<[2011.0, 1]>",7,0,7,0,0,0,0,0.045553
350,linux,"<[2010.0, 2011.0, 2012.0]>",5,"<[2010.0, 2]; [2011.0, 1]; [2012.0, 1]>",7,7,14,4,0.436433,0.462319,0.000002,0.014692
135,cosmetic_surgery,<[2010.0]>,2,"<[2010.0, 1]>",1,4,5,4,0.460422,0.475406,0,0.000608
257,funerals,"<[2010.0, 2011.0, 2012.0]>",4,"<[2010.0, 7]; [2011.0, 7]; [2012.0, 8]>",4,3,7,4,0.442244,0.460821,0.000005,0.006233
28,aquaculture,"<[2011.0, 2012.0]>",0,"<[2011.0, 1]; [2012.0, 1]>",0,4,4,4,0.41691,0.437257,0,0
544,social_bookmarking,"<[2010.0, 2011.0, 2012.0]>",3,"<[2010.0, 2]; [2011.0, 2]; [2012.0, 1]>",21,6,27,4,0.47561,0.509615,0.000013,0.107537
450,podcast,"<[2010.0, 2011.0]>",3,"<[2010.0, 1]; [2011.0, 1]>",3,4,7,4,0.457143,0.479818,0,0.016985
575,text_analytics,<[2012.0]>,5,"<[2012.0, 2]>",8,1,9,4,0.396226,0.440476,0,0.034751
140,craft_beer,"<[2010.0, 2011.0, 2012.0]>",4,"<[2010.0, 1]; [2011.0, 3]; [2012.0, 1]>",4,8,12,4,0.416949,0.441734,0.000008,0.001515
489,recreational_vehicles,"<[2010.0, 2011.0, 2012.0]>",0,"<[2010.0, 3]; [2011.0, 1]; [2012.0, 1]>",7,1,8,3,0.5,0.583333,0,0.021387
541,sns,<[2010.0]>,3,"<[2010.0, 1]>",3,1,4,5,0.379913,0.405556,0,0.009985
224,fantasy_sports,"<[2010.0, 2012.0]>",3,"<[2010.0, 2]; [2012.0, 2]>",3,13,16,4,0.412896,0.442922,0.000002,0.002213
528,shipping_broker,"<[2011.0, 2012.0]>",1,"<[2011.0, 3]; [2012.0, 6]>",7,3,10,4,0.405063,0.463542,0.000006,0.035779
645,wood_processing,"<[2010.0, 2011.0, 2012.0]>",0,"<[2010.0, 2]; [2011.0, 2]; [2012.0, 1]>",5,0,5,0,0,0,0,0.019082
520,semantic_web,<[2010.0]>,3,"<[2010.0, 1]>",3,3,6,4,0.445946,0.473064,0,0.016636
44,baby,"<[2011.0, 2012.0]>",4,"<[2011.0, 2]; [2012.0, 1]>",0,6,6,4,0.433981,0.454139,0,0
255,fuel_cell,"<[2010.0, 2011.0, 2012.0]>",0,"<[2010.0, 1]; [2011.0, 2]; [2012.0, 1]>",6,7,13,4,0.444142,0.466002,0.000026,0.008412
417,online_forums,<[2011.0]>,3,"<[2011.0, 2]>",3,3,6,5,0.372152,0.402381,0.000004,0.011433
459,primary_education,"<[2011.0, 2012.0]>",1,"<[2011.0, 2]; [2012.0, 1]>",5,2,7,4,0.407407,0.465909,0.000105,0.011082
580,tobacco,"<[2011.0, 2012.0]>",4,"<[2011.0, 1]; [2012.0, 4]>",11,0,11,0,0,0,0,0.022993
641,winery,<[2012.0]>,4,"<[2012.0, 1]>",2,0,2,0,0,0,0,0.007752
16,agtech,"<[2010.0, 2011.0]>",2,"<[2010.0, 1]; [2011.0, 1]>",1,10,11,5,0.402393,0.432311,0,0.000313
506,ride_sharing,<[2012.0]>,4,"<[2012.0, 2]>",5,2,7,4,0.426667,0.466146,0,0.013536
202,emerging_markets,<[2010.0]>,0,"<[2010.0, 1]>",1,4,5,5,0.354027,0.381201,0,0.000956
423,organic,<[2012.0]>,2,"<[2012.0, 1]>",4,0,4,0,0,0,0,0.01177
333,landscaping,<[2011.0]>,0,"<[2011.0, 1]>",1,1,2,4,0.414861,0.434701,0,0.000481
390,motion_capture,<[2012.0]>,3,"<[2012.0, 1]>",3,2,5,5,0.383871,0.409944,0,0.011989
19,amusement_park_and_arcade,"<[2010.0, 2012.0]>",4,"<[2010.0, 1]; [2012.0, 2]>",0,5,5,4,0.368682,0.388217,0,0
178,document_preparation,<[2012.0]>,5,"<[2012.0, 2]>",6,5,11,4,0.419125,0.440534,0,0.005279
168,diabetes,"<[2010.0, 2012.0]>",2,"<[2010.0, 2]; [2012.0, 1]>",1,7,8,4,0.443456,0.464422,0,0.000608
392,museums_and_historical_sites,<[2012.0]>,4,"<[2012.0, 1]>",0,2,2,4,0.365591,0.409314,0,0
524,serious_games,<[2010.0]>,5,"<[2010.0, 1]>",2,3,5,4,0.461078,0.485931,0,0.004421
78,celebrity,<[2011.0]>,3,"<[2011.0, 1]>",0,11,11,5,0.399203,0.435695,0,0
425,outdoor_advertising,"<[2010.0, 2011.0, 2012.0]>",3,"<[2010.0, 1]; [2011.0, 3]; [2012.0, 2]>",9,2,11,5,0.342404,0.366336,0,0.028479
526,sharing_economy,"<[2011.0, 2012.0]>",4,"<[2011.0, 1]; [2012.0, 1]>",9,2,11,4,0.455621,0.477273,0.000001,0.035095
306,independent_music,"<[2011.0, 2012.0]>",3,"<[2011.0, 1]; [2012.0, 1]>",2,4,6,4,0.406528,0.430049,0,0.002798
433,parking,<[2010.0]>,1,"<[2010.0, 1]>",8,3,11,4,0.400955,0.427083,0,0.033894
243,flowers,<[2011.0]>,4,"<[2011.0, 4]>",1,3,4,5,0.386117,0.406695,0,0.003089
229,fertility,<[2011.0]>,0,"<[2011.0, 1]>",3,2,5,4,0.436482,0.454602,0,0.001508
122,consumer_lending,<[2010.0]>,1,"<[2010.0, 1]>",1,5,6,4,0.412317,0.433966,0,0.001785
463,private_social_networking,<[2010.0]>,3,"<[2010.0, 1]>",2,2,4,5,0.390135,0.419923,0,0.007827
266,gift_exchange,<[2011.0]>,3,"<[2011.0, 1]>",3,1,4,5,0.4,0.421484,0,0.005137
427,outpatient_care,<[2012.0]>,2,"<[2012.0, 1]>",3,0,3,0,0,0,0,0.007689
639,windows,<[2012.0]>,0,"<[2012.0, 1]>",7,0,7,0,0,0,0,0.038225
278,handmade,<[2012.0]>,0,"<[2012.0, 1]>",3,1,4,4,0.414861,0.434701,0,0.001715
476,psychology,<[2011.0]>,1,"<[2011.0, 1]>",2,1,3,5,0.338542,0.355,0,0.01413
453,ports_and_harbors,<[2010.0]>,0,"<[2010.0, 1]>",1,0,1,0,0,0,0,0.002141
